tam_code,tam_th,tam_en,amp_code,amp_th,amp_en,prov_code,prov_th,prov_en,m_age_0,f_age_0,m_age_1,f_age_1,m_age_2,f_age_2,m_age_3,f_age_3,m_age_4,f_age_4,m_age_5,f_age_5,m_age_6,f_age_6,m_age_7,f_age_7,m_age_8,f_age_8,m_age_9,f_age_9,m_age_10,f_age_10,m_age_11,f_age_11,m_age_12,f_age_12,m_age_13,f_age_13,m_age_14,f_age_14,m_age_15,f_age_15,m_age_16,f_age_16,m_age_17,f_age_17,m_age_18,f_age_18,m_age_19,f_age_19,m_age_20,f_age_20,m_age_21,f_age_21,m_age_22,f_age_22,m_age_23,f_age_23,m_age_24,f_age_24,m_age_25,f_age_25,m_age_26,f_age_26,m_age_27,f_age_27,m_age_28,f_age_28,m_age_29,f_age_29,m_age_30,f_age_30,m_age_31,f_age_31,m_age_32,f_age_32,m_age_33,f_age_33,m_age_34,f_age_34,m_age_35,f_age_35,m_age_36,f_age_36,m_age_37,f_age_37,m_age_38,f_age_38,m_age_39,f_age_39,m_age_40,f_age_40,m_age_41,f_age_41,m_age_42,f_age_42,m_age_43,f_age_43,m_age_44,f_age_44,m_age_45,f_age_45,m_age_46,f_age_46,m_age_47,f_age_47,m_age_48,f_age_48,m_age_49,f_age_49,m_age_50,f_age_50,m_age_51,f_age_51,m_age_52,f_age_52,m_age_53,f_age_53,m_age_54,f_age_54,m_age_55,f_age_55,m_age_56,f_age_56,m_age_57,f_age_57,m_age_58,f_age_58,m_age_59,f_age_59,m_age_60,f_age_60,m_age_61,f_age_61,m_age_62,f_age_62,m_age_63,f_age_63,m_age_64,f_age_64,m_age_65,f_age_65,m_age_66,f_age_66,m_age_67,f_age_67,m_age_68,f_age_68,m_age_69,f_age_69,m_age_70,f_age_70,m_age_71,f_age_71,m_age_72,f_age_72,m_age_73,f_age_73,m_age_74,f_age_74,m_age_75,f_age_75,m_age_76,f_age_76,m_age_77,f_age_77,m_age_78,f_age_78,m_age_79,f_age_79,m_age_80,f_age_80,m_age_81,f_age_81,m_age_82,f_age_82,m_age_83,f_age_83,m_age_84,f_age_84,m_age_85,f_age_85,m_age_86,f_age_86,m_age_87,f_age_87,m_age_88,f_age_88,m_age_89,f_age_89,m_age_90,f_age_90,m_age_91,f_age_91,m_age_92,f_age_92,m_age_93,f_age_93,m_age_94,f_age_94,m_age_95,f_age_95,m_age_96,f_age_96,m_age_97,f_age_97,m_age_98,f_age_98,m_age_99,f_age_99,m_age_100,f_age_100,m_age_101,f_age_101,m_tdob,f_tdob,t_tdob,m_xhouse,f_xhouse,t_xhouse,m_oth_nat,f_oth_nat,t_oth_nat,m_move,f_move,t_move,m_tot,f_tot,t_tot
650601,พรหมพิราม,Phrom Phiram,6506,พรหมพิราม,Phrom Phiram,65,พิษณุโลก,Phitsanulok,55,64,59,65,58,56,65,73,69,73,77,73,80,54,66,60,66,60,91,80,79,72,74,76,77,77,81,82,70,57,72,69,85,94,75,79,87,63,100,73,91,82,92,70,94,107,104,91,87,99,96,90,117,79,102,95,92,87,97,95,93,94,103,90,91,104,105,106,112,112,113,94,123,102,121,107,98,116,107,117,105,117,114,146,121,107,107,98,113,140,100,113,124,125,111,107,116,149,142,130,113,114,138,141,128,156,99,120,119,124,113,124,106,122,92,112,97,95,109,107,68,98,74,91,81,101,64,80,68,137,67,76,80,85,61,89,59,82,51,61,40,54,41,63,40,35,41,53,41,54,22,54,30,31,30,38,40,54,29,35,20,44,23,37,12,31,17,26,9,14,11,17,6,18,4,19,13,16,7,9,1,8,3,6,0,5,3,3,1,1,0,2,0,1,0,1,0,0,0,0,0,0,0,0,0,0,0,31,32,63,3,3,6,10,5,15,6992,7453,14445
650602,ท่าช้าง,Tha Chang,6506,พรหมพิราม,Phrom Phiram,65,พิษณุโลก,Phitsanulok,35,28,38,42,47,45,46,34,40,58,53,48,51,35,49,44,54,39,46,50,45,48,66,46,52,36,68,41,46,32,61,56,43,48,50,51,56,43,85,62,73,55,54,59,59,56,54,62,57,54,59,56,51,60,63,63,59,51,53,54,61,59,66,79,61,70,66,62,75,59,73,73,66,81,76,79,86,69,79,70,92,87,66,76,81,65,67,67,81,82,59,77,70,72,85,76,64,86,77,81,79,76,81,89,80,80,72,84,74,83,74,78,62,105,64,65,38,54,75,83,45,63,55,71,44,58,56,72,53,63,45,53,50,58,37,60,39,43,27,40,27,35,24,35,20,29,19,25,25,34,36,32,18,30,15,31,18,22,19,30,14,24,14,18,13,9,3,12,10,16,4,14,5,9,4,14,3,12,0,7,0,4,4,4,2,1,1,1,0,2,0,0,1,0,0,2,0,1,0,0,0,0,0,0,0,0,0,0,0,0,4,0,4,5,0,5,4522,4757,9279
650603,วงฆ้อง,Wong Khong,6506,พรหมพิราม,Phrom Phiram,65,พิษณุโลก,Phitsanulok,40,35,33,40,43,39,58,32,61,53,54,39,43,46,62,44,41,49,61,57,49,48,69,46,49,49,52,45,35,49,51,50,60,47,62,59,57,58,71,53,70,49,51,56,61,55,51,62,65,75,67,51,46,50,74,59,67,50,66,59,73,73,72,82,73,68,70,88,81,63,69,88,95,60,87,66,72,66,84,67,98,70,86,59,59,68,71,73,79,75,89,78,91,81,91,77,83,89,67,91,95,93,95,103,87,119,93,73,76,77,83,99,55,99,88,97,71,87,75,83,48,54,43,39,59,59,56,64,56,81,54,72,49,75,53,57,46,57,36,38,23,35,26,26,23,30,13,29,20,34,32,43,24,31,27,49,17,40,23,31,15,19,20,27,12,24,13,24,6,17,14,16,7,15,5,16,8,9,7,5,3,9,3,5,1,5,2,5,2,4,1,1,2,4,0,0,2,0,0,0,2,2,2,2,0,0,0,15,12,27,7,0,7,5,3,8,4959,5084,10043
650604,มะตูม,Matum,6506,พรหมพิราม,Phrom Phiram,65,พิษณุโลก,Phitsanulok,11,13,20,10,22,20,29,13,19,19,27,18,19,19,18,19,18,15,25,11,23,14,23,16,15,19,13,15,12,22,18,18,22,23,27,19,23,19,21,18,26,24,19,22,24,26,26,26,27,25,26,29,24,32,27,31,26,23,21,22,28,29,28,26,23,24,25,22,21,28,28,32,33,20,38,29,26,31,25,27,33,33,29,49,39,28,36,32,34,26,38,36,45,33,27,42,35,37,29,48,38,46,36,40,40,46,35,36,32,34,32,35,26,30,37,36,16,33,24,33,12,16,12,14,19,31,25,30,32,31,16,36,19,32,21,29,12,29,20,21,14,18,11,31,11,11,16,16,9,16,10,14,11,17,11,12,9,13,11,13,6,11,2,14,8,5,7,11,1,7,1,9,1,2,2,4,2,2,4,8,2,2,1,4,0,0,1,0,0,1,2,1,0,0,1,1,0,0,0,0,0,0,1,0,0,0,0,0,0,0,1,0,1,1,0,1,1932,2113,4045
650605,หอกลอง,Ho Klong,6506,พรหมพิราม,Phrom Phiram,65,พิษณุโลก,Phitsanulok,14,11,22,31,39,12,18,25,18,32,19,18,19,27,25,23,21,30,25,27,33,27,29,29,24,17,27,27,34,27,26,24,27,38,33,22,46,26,33,35,41,32,28,33,20,25,28,30,34,44,38,29,37,27,35,26,23,28,34,24,30,34,36,37,38,30,42,27,37,28,24,43,35,43,46,25,30,31,38,46,42,40,38,47,49,37,41,32,57,46,42,38,48,44,33,28,41,50,39,46,39,42,44,42,36,49,39,35,42,35,28,28,37,37,35,48,17,27,28,28,26,32,19,26,20,37,15,21,17,26,22,19,20,26,16,39,19,25,14,16,9,18,7,19,6,7,11,19,10,13,18,17,8,11,5,13,9,12,9,17,12,10,1,11,8,3,6,10,2,8,1,13,4,6,5,5,1,5,2,2,0,3,1,5,0,2,1,2,0,3,3,0,0,2,0,0,0,1,1,3,0,0,1,0,0,0,0,0,0,0,0,0,0,4,1,5,2314,2437,4751
650606,ศรีภิรมย์,Si Phirom,6506,พรหมพิราม,Phrom Phiram,65,พิษณุโลก,Phitsanulok,28,25,40,34,36,43,42,35,39,35,29,43,23,35,53,34,56,34,32,44,38,41,53,41,34,32,43,31,42,35,37,38,49,32,38,38,49,43,42,53,45,44,38,42,52,51,51,42,48,58,45,41,51,51,51,43,39,46,40,45,58,60,49,42,49,61,56,62,56,54,53,50,55,48,62,56,59,45,51,56,64,53,64,45,40,65,62,50,62,66,64,81,43,55,70,51,59,72,55,60,77,71,81,102,68,80,51,62,66,71,60,64,64,67,82,74,52,57,54,60,42,54,32,39,58,59,40,58,41,58,52,51,34,44,39,50,31,41,39,27,18,30,18,24,20,19,18,28,17,21,22,24,15,22,23,17,15,17,15,34,15,13,10,14,6,14,15,17,5,12,5,13,8,12,6,12,6,7,7,11,6,5,2,6,2,6,1,1,2,1,0,2,1,2,1,0,1,1,2,2,0,1,0,1,0,0,0,0,0,0,5,1,6,2,0,2,3746,3920,7666
650607,ตลุกเทียม,Taluk Thiam,6506,พรหมพิราม,Phrom Phiram,65,พิษณุโลก,Phitsanulok,19,23,21,18,23,19,23,17,28,18,25,12,26,22,19,21,28,27,26,24,24,27,27,21,27,20,26,27,20,16,21,16,29,21,21,29,38,21,27,28,28,28,30,21,26,14,30,28,22,20,37,42,29,48,37,31,32,28,30,29,36,26,36,34,33,24,37,27,40,44,51,33,44,35,35,28,33,26,33,39,31,35,31,61,49,37,47,32,30,45,46,54,35,43,37,35,47,39,37,46,39,56,38,44,43,51,43,35,31,42,31,30,35,32,44,36,28,35,34,38,22,20,19,32,29,20,31,21,25,36,30,31,28,33,21,24,15,22,21,38,13,13,19,20,11,20,13,18,10,11,11,15,8,15,12,10,16,14,4,13,11,11,9,11,7,2,9,7,1,3,6,5,1,4,5,3,2,5,1,1,2,1,0,1,1,1,1,0,0,0,0,0,1,0,0,1,0,0,0,0,1,2,0,0,0,0,0,0,0,0,0,1,1,1,1,2,2350,2344,4694
650608,วังวน,Wang Won,6506,พรหมพิราม,Phrom Phiram,65,พิษณุโลก,Phitsanulok,10,8,11,10,28,16,22,13,13,24,21,18,18,17,19,20,22,19,18,19,29,22,21,14,19,33,26,16,3,14,18,17,21,16,17,14,20,21,33,28,29,26,26,19,9,15,21,23,17,29,21,21,18,17,17,25,21,23,23,25,20,22,32,22,25,21,18,22,35,40,27,39,28,30,31,34,34,30,27,27,25,29,30,26,36,22,23,22,27,30,33,34,20,26,31,28,28,24,21,29,34,33,28,33,30,36,31,33,30,33,26,22,20,26,25,22,17,25,27,25,19,29,15,24,32,26,23,24,22,19,20,23,22,22,18,20,14,32,19,14,16,23,9,12,11,18,8,10,3,10,8,13,5,8,8,11,4,13,6,9,6,12,9,5,3,6,4,5,3,5,2,3,3,0,2,6,0,4,2,6,1,1,0,3,3,0,0,0,1,1,0,0,0,0,0,0,0,0,1,0,0,1,1,0,0,0,0,0,0,0,0,0,0,1,0,1,1734,1845,3579
650609,หนองแขม,Nong Khaem,6506,พรหมพิราม,Phrom Phiram,65,พิษณุโลก,Phitsanulok,17,27,20,11,38,23,35,26,26,35,26,27,30,30,31,31,33,33,27,35,33,32,30,41,25,19,30,25,25,29,25,23,33,27,24,25,28,30,35,30,47,35,34,40,41,41,34,37,33,35,37,28,44,37,44,29,34,42,28,31,39,34,43,32,33,30,48,35,34,51,50,41,44,34,32,50,41,41,42,46,45,31,50,50,27,41,41,43,36,46,55,42,43,42,44,51,47,55,43,47,53,42,45,52,48,47,42,58,47,49,50,46,46,52,25,46,30,40,40,47,41,42,35,41,42,36,40,33,31,29,35,40,20,35,25,31,28,29,16,21,19,23,14,25,15,21,13,15,18,22,13,21,7,16,7,18,12,15,10,14,8,12,7,14,6,10,6,11,4,9,3,6,3,16,4,9,3,6,5,11,1,4,1,4,2,2,0,1,0,1,2,2,0,1,0,0,0,0,0,1,0,0,0,1,0,0,0,0,0,0,1,1,2,1,2,3,2708,2886,5594
650610,มะต้อง,Matong,6506,พรหมพิราม,Phrom Phiram,65,พิษณุโลก,Phitsanulok,36,36,42,31,47,39,52,44,49,43,52,52,52,38,49,34,54,40,50,57,46,54,51,48,43,46,41,47,46,43,44,43,58,53,57,43,55,36,67,63,66,37,57,52,47,51,69,53,59,77,77,53,58,61,61,58,69,63,61,66,64,56,58,64,53,49,71,82,60,75,73,76,64,68,67,67,75,74,82,51,71,63,79,80,69,69,53,66,64,64,85,69,63,66,54,77,85,64,77,81,68,76,68,107,66,98,59,53,82,85,63,86,88,94,69,89,53,63,52,71,49,50,28,39,49,68,41,47,47,60,53,56,52,50,43,40,33,47,38,34,31,35,16,36,18,28,22,24,18,37,18,23,15,26,18,29,19,27,17,24,22,17,14,23,13,13,13,14,6,5,8,15,2,6,8,10,3,6,2,6,4,7,4,2,1,5,3,2,0,1,0,0,2,1,2,1,0,0,2,0,0,0,0,2,0,0,0,0,0,0,6,2,8,5,2,7,4395,4564,8959
650611,ทับยายเชียง,Thap Yai Chiang,6506,พรหมพิราม,Phrom Phiram,65,พิษณุโลก,Phitsanulok,21,23,30,32,30,35,33,38,48,32,48,28,31,33,38,32,29,25,42,27,38,45,38,28,35,35,37,34,37,33,30,23,30,41,41,28,43,34,52,40,49,37,39,44,28,31,33,39,48,38,49,38,53,36,44,36,27,28,38,41,36,40,43,47,41,28,29,44,45,35,44,43,49,50,53,60,66,43,55,28,54,52,66,46,38,49,50,52,39,44,46,38,34,49,32,44,47,38,38,51,49,48,44,53,43,62,41,44,53,37,33,39,37,41,36,32,38,36,41,31,24,21,22,27,26,35,30,30,26,30,24,35,28,23,8,19,24,22,13,24,14,15,9,10,10,11,15,12,11,14,12,16,8,5,6,12,10,7,4,11,6,8,5,9,8,9,6,15,3,10,1,4,3,6,6,5,4,2,0,3,1,3,3,0,1,1,0,2,0,0,0,1,1,2,0,0,0,0,0,0,0,0,0,0,0,0,0,0,0,0,1,1,2,2,0,2,2834,2778,5612
650612,ดงประคำ,Dong Prakham,6506,พรหมพิราม,Phrom Phiram,65,พิษณุโลก,Phitsanulok,43,44,43,51,33,56,46,45,63,56,50,53,56,48,59,37,42,58,46,52,60,46,54,52,63,56,62,55,54,48,44,54,48,36,51,48,54,51,44,61,66,51,61,66,52,64,69,50,74,56,67,56,85,61,62,52,57,62,62,54,84,64,73,68,70,64,76,78,72,47,63,64,71,57,61,75,81,57,69,86,72,70,74,71,64,75,70,59,88,64,67,68,70,55,66,65,63,78,76,55,70,78,64,67,73,89,63,79,71,72,49,62,48,62,69,56,46,50,47,48,32,53,37,41,37,58,45,42,38,48,32,37,30,41,29,49,35,30,26,19,20,35,15,31,20,26,11,17,12,19,20,23,14,17,17,16,14,16,14,24,10,12,12,20,5,15,10,9,5,11,3,12,7,8,5,5,3,5,1,8,3,6,3,4,2,2,1,2,2,1,0,0,0,0,0,0,0,0,0,1,1,0,0,0,0,0,0,0,0,0,8,1,9,7,1,8,4286,4327,8613
650701,วัดโบสถ์,Wat Bot,6507,วัดโบสถ์,Wat Bot,65,พิษณุโลก,Phitsanulok,30,28,49,34,53,26,41,41,55,49,47,38,36,34,50,46,40,51,49,53,41,40,47,28,42,32,36,49,42,48,39,35,47,37,45,38,40,28,56,46,65,51,39,52,42,57,45,61,48,49,79,56,65,73,45,58,51,51,49,49,43,54,52,49,51,50,56,56,64,62,52,47,81,58,50,59,67,53,43,63,49,59,59,66,53,75,61,71,60,57,57,64,71,78,54,66,71,80,75,70,75,72,81,62,61,85,68,73,59,71,56,78,64,57,47,61,51,54,43,62,48,38,38,50,37,56,47,41,34,52,47,38,39,55,40,47,33,49,39,41,33,25,21,25,17,31,19,25,22,14,16,38,11,18,16,24,18,24,24,25,14,17,18,30,15,8,11,19,8,6,3,9,7,8,2,10,1,8,3,8,3,6,2,7,1,4,2,0,0,2,1,0,1,0,0,0,0,0,0,0,0,1,0,0,0,0,0,65,68,133,2,3,5,8,4,12,3953,4184,8137
650702,ท่างาม,Tha Ngam,6507,วัดโบสถ์,Wat Bot,65,พิษณุโลก,Phitsanulok,26,28,30,22,34,27,34,32,27,38,41,19,31,22,36,31,30,33,37,26,31,33,39,38,40,41,39,34,30,35,35,41,42,42,34,29,30,37,46,40,53,44,32,39,35,34,35,29,45,47,45,56,58,40,46,36,41,41,43,29,44,43,45,39,42,42,47,39,44,41,45,48,47,56,43,41,52,60,41,58,54,51,57,52,46,53,59,63,47,64,69,60,58,50,58,47,36,62,54,58,58,60,46,75,53,69,50,40,58,59,53,46,43,55,48,48,36,32,35,53,26,31,22,25,33,33,30,41,30,44,32,47,28,29,32,38,30,39,14,33,17,18,27,22,19,10,18,29,19,18,15,26,11,22,8,20,13,24,11,16,13,17,10,18,9,12,15,12,4,10,4,11,4,6,4,4,6,8,3,3,1,0,3,4,3,1,0,1,1,0,0,1,0,0,0,1,0,0,1,0,0,0,0,1,0,0,0,0,0,0,3,2,5,1,1,2,3113,3285,6398
650703,ท้อแท้,Tho Thae,6507,วัดโบสถ์,Wat Bot,65,พิษณุโลก,Phitsanulok,27,42,37,23,34,33,47,32,38,29,37,36,37,27,38,30,42,37,27,33,29,35,55,36,41,44,32,41,36,41,28,30,36,35,42,35,28,41,49,31,51,42,29,29,34,37,50,44,41,42,39,37,40,49,42,34,45,45,45,35,34,39,45,29,55,50,52,33,49,43,56,54,53,53,44,43,35,54,40,41,50,40,49,41,44,45,53,50,41,52,52,48,46,59,52,48,66,61,34,44,52,53,53,55,48,74,55,46,48,45,41,60,38,49,36,37,43,41,38,53,21,31,28,40,35,48,32,32,45,47,24,33,35,41,27,41,27,30,27,30,20,23,22,27,19,27,26,21,9,23,14,33,10,19,15,24,19,19,13,17,10,10,7,24,12,19,6,11,9,15,4,15,5,13,2,17,2,5,0,3,0,6,4,1,0,4,0,1,1,4,0,1,0,0,0,0,0,1,0,0,0,0,0,0,0,0,0,0,0,0,1,1,2,2,1,3,3091,3283,6374
650704,บ้านยาง,Ban Yang,6507,วัดโบสถ์,Wat Bot,65,พิษณุโลก,Phitsanulok,18,28,22,43,30,36,26,43,41,39,40,31,40,40,38,31,35,28,32,42,35,44,29,30,50,26,28,42,46,31,28,27,45,26,36,37,51,58,39,47,46,37,44,39,51,52,34,48,38,42,59,39,38,46,50,44,46,39,34,33,45,41,53,51,54,32,49,46,72,47,47,44,41,43,55,63,54,42,52,64,62,53,58,34,52,61,50,56,60,49,54,64,66,60,49,54,52,71,57,66,71,71,53,62,72,79,47,50,48,33,47,45,44,51,50,43,41,40,31,42,25,32,28,37,37,29,28,39,26,32,32,27,27,26,25,21,27,19,20,23,15,22,13,13,13,21,13,14,17,14,9,20,13,18,13,20,19,10,11,11,8,9,5,11,4,15,7,12,7,6,6,9,2,7,6,5,2,4,2,5,3,1,2,0,0,3,0,2,0,1,0,0,2,0,1,0,0,0,0,0,0,0,0,0,0,0,0,0,0,0,3,2,5,3,0,3,3209,3245,6454
650705,หินลาด,Hin Lat,6507,วัดโบสถ์,Wat Bot,65,พิษณุโลก,Phitsanulok,18,23,27,24,17,20,34,27,31,32,31,28,26,22,25,28,32,18,21,30,29,21,28,33,27,22,22,18,27,32,22,26,25,20,19,27,23,24,25,24,27,27,33,38,31,34,36,31,34,47,34,28,37,30,39,36,33,38,38,36,40,38,35,38,50,39,33,36,42,34,39,40,42,39,34,30,30,31,25,37,38,27,26,38,36,43,32,46,36,23,49,43,31,46,42,39,28,35,51,60,46,50,56,64,44,45,39,41,41,41,22,24,34,28,28,41,27,27,29,24,24,22,26,20,25,31,22,12,26,25,14,21,30,25,13,10,12,17,11,10,10,15,9,13,9,9,11,11,12,11,16,16,4,12,5,8,4,12,7,6,4,9,6,9,5,4,7,9,4,8,2,7,3,5,5,2,1,3,0,1,0,0,1,1,1,2,0,1,0,0,0,0,0,1,0,0,0,0,0,0,0,0,0,0,0,0,0,0,0,0,0,2,2,4,0,4,2289,2361,4650
650706,คันโช้ง,Khan Chong,6507,วัดโบสถ์,Wat Bot,65,พิษณุโลก,Phitsanulok,40,27,26,28,37,31,36,32,40,29,35,27,40,28,48,46,50,29,50,41,42,38,50,36,34,34,42,37,41,43,27,32,33,33,41,22,40,22,34,32,33,34,52,31,44,44,40,39,38,31,49,53,37,37,36,36,32,41,43,46,39,34,38,44,46,47,65,43,54,43,64,68,57,62,56,57,51,45,45,40,63,51,47,43,50,54,53,51,51,53,55,54,51,42,52,64,53,53,47,40,43,57,48,43,47,54,41,39,47,38,48,35,43,24,30,38,26,44,26,23,19,21,24,22,26,25,20,20,16,23,24,16,25,21,13,27,24,14,9,13,17,10,12,9,9,14,15,11,6,16,17,8,6,13,9,7,8,4,4,13,8,7,2,2,7,8,3,6,4,7,5,3,4,6,0,5,3,3,2,1,2,0,0,0,1,2,1,1,0,1,0,1,1,1,0,0,0,0,1,1,0,0,0,0,0,0,0,0,0,0,2,3,5,3,0,3,2978,2787,5765
650801,วังทอง,Wang Thong,6508,วังทอง,Wang Thong,65,พิษณุโลก,Phitsanulok,62,84,88,84,82,81,105,84,115,103,102,99,106,112,108,116,80,86,96,104,80,83,101,84,96,106,96,70,92,76,82,88,100,103,88,84,108,127,124,225,133,236,131,216,136,192,133,152,136,160,126,136,132,155,137,124,119,121,108,102,109,124,102,122,119,121,117,132,101,129,119,113,148,122,101,119,132,125,115,128,123,108,118,128,120,135,105,150,136,128,129,159,141,144,159,177,124,175,150,165,130,168,131,185,137,156,149,171,161,164,151,114,139,156,124,153,106,123,89,115,87,103,83,105,94,113,72,104,76,99,77,89,70,98,62,92,51,68,55,71,47,76,36,61,28,60,36,46,40,59,44,58,32,42,34,49,37,41,29,30,27,32,26,29,27,23,22,22,21,17,16,18,11,20,5,20,8,13,4,11,1,3,4,6,3,8,0,2,3,4,0,0,0,3,0,1,1,2,0,0,1,0,2,3,0,0,0,1150,1124,2274,136,97,233,12,4,16,9557,10728,20285
650802,พันชาลี,Phan Chali,6508,วังทอง,Wang Thong,65,พิษณุโลก,Phitsanulok,45,45,55,47,47,49,66,42,50,66,55,63,67,58,61,68,58,57,51,53,61,66,64,63,75,55,55,51,69,47,47,69,60,60,69,59,74,75,81,58,90,78,67,66,62,66,58,54,84,69,70,69,60,60,57,60,69,48,72,52,62,61,79,47,75,64,63,74,71,68,71,81,78,78,93,76,87,102,73,87,86,93,84,73,80,75,93,75,64,68,73,88,82,90,77,78,90,85,86,87,61,71,88,67,88,99,57,67,77,54,61,73,57,78,63,66,53,61,47,59,56,53,47,53,49,63,49,47,50,59,48,49,44,40,37,40,32,40,29,39,15,22,17,26,12,22,24,21,18,29,23,27,16,18,16,24,22,16,15,18,12,14,5,13,7,18,3,12,7,11,2,7,7,6,4,6,2,3,0,6,3,5,4,4,0,3,0,1,2,1,1,3,2,1,0,1,0,1,0,0,0,1,2,0,0,0,0,0,0,0,4,4,8,1,0,1,4805,4845,9650
650803,แม่ระกา,Mae Raka,6508,วังทอง,Wang Thong,65,พิษณุโลก,Phitsanulok,33,30,40,35,45,39,28,41,33,34,34,34,58,40,46,49,46,39,39,45,40,44,35,43,35,41,36,36,38,46,30,25,45,32,39,38,40,51,47,48,75,63,47,30,39,50,54,50,58,39,65,52,44,58,48,55,55,41,39,40,52,44,50,59,65,43,63,45,55,60,57,62,41,52,49,52,50,59,50,57,55,55,54,57,48,39,54,66,45,53,62,63,72,72,56,52,54,77,54,68,54,58,67,54,53,72,49,57,53,56,49,70,48,54,40,63,42,44,47,56,36,38,45,52,30,49,33,41,46,57,37,45,31,38,30,31,35,37,29,23,19,23,21,14,16,16,14,27,20,17,17,20,7,13,13,18,22,22,12,16,9,11,9,14,16,16,6,12,4,7,7,4,4,9,2,6,4,2,2,4,3,5,2,4,0,1,2,2,2,1,1,2,0,1,0,0,1,1,0,0,0,0,0,0,0,0,0,0,0,0,0,0,0,4,3,7,3490,3689,7179
650804,บ้านกลาง,Ban Klang,6508,วังทอง,Wang Thong,65,พิษณุโลก,Phitsanulok,123,90,112,105,117,129,121,110,152,119,140,126,110,135,118,101,151,114,133,122,121,125,145,116,156,136,123,128,143,115,110,104,126,119,132,124,131,150,136,144,165,129,143,127,129,130,135,148,150,131,146,138,148,125,178,120,132,132,172,140,144,139,141,136,144,152,152,167,189,164,159,149,196,190,179,157,183,155,178,149,168,186,192,158,171,189,161,183,192,168,162,156,172,182,178,178,158,171,202,157,171,147,181,167,203,162,142,149,119,134,140,136,115,135,114,127,125,152,121,121,112,115,101,82,74,97,88,110,81,90,80,81,65,76,75,86,70,60,64,50,61,54,45,47,36,55,29,35,33,47,38,39,31,45,36,38,29,36,27,32,19,25,20,31,20,32,31,29,8,21,12,27,15,15,11,17,4,12,4,10,5,7,5,7,4,8,5,5,4,4,2,2,1,2,2,3,1,2,5,0,0,0,1,1,0,0,0,0,0,0,6,5,11,13,3,16,10323,9991,20314
650805,วังพิกุล,Wang Phikun,6508,วังทอง,Wang Thong,65,พิษณุโลก,Phitsanulok,33,35,39,44,41,43,51,60,55,53,63,44,44,48,69,47,56,42,39,38,51,50,57,37,59,32,57,31,45,45,58,44,57,46,62,57,65,51,67,44,74,42,54,71,62,65,62,47,51,70,60,60,59,61,56,62,62,70,57,65,44,51,81,64,60,59,78,68,64,77,68,66,68,59,82,71,75,69,71,78,75,82,90,67,80,83,79,60,89,77,54,80,80,76,74,60,71,79,70,76,78,79,56,70,61,79,77,78,59,73,51,68,56,69,60,74,57,74,59,60,45,60,46,65,42,57,40,51,47,49,45,47,40,40,26,41,19,42,25,40,30,25,23,27,24,21,14,19,22,27,13,24,18,23,12,24,14,16,13,10,8,12,10,20,12,9,6,14,5,7,5,10,5,10,6,6,6,4,4,4,3,4,5,1,0,2,2,5,2,0,3,2,0,0,0,2,0,0,0,0,1,0,0,0,0,0,0,0,0,0,2,1,3,2,1,3,4377,4452,8829
650806,แก่งโสภา,Kaeng Sopha,6508,วังทอง,Wang Thong,65,พิษณุโลก,Phitsanulok,51,49,52,34,62,57,59,62,61,61,71,60,63,61,51,58,58,68,79,59,67,55,76,70,55,56,51,54,63,55,61,67,69,63,69,81,64,64,79,66,76,72,61,70,77,65,72,75,80,74,72,82,71,83,73,58,76,58,72,76,60,76,100,75,68,72,99,65,104,70,77,77,76,80,94,88,86,88,102,98,86,111,94,86,91,84,82,116,85,78,95,84,88,90,87,86,111,82,89,90,103,90,86,94,116,114,80,86,73,88,81,88,70,81,66,81,62,73,72,73,69,59,65,66,54,61,54,55,49,60,51,56,59,61,50,46,40,36,33,29,31,29,35,22,17,29,14,23,16,22,36,38,21,21,16,20,21,27,9,26,12,18,13,19,7,11,5,21,14,12,6,9,5,11,2,5,5,9,4,4,2,3,3,2,2,4,1,1,2,0,1,2,2,1,1,1,0,0,1,0,1,0,0,0,0,0,0,0,0,0,6,2,8,7,3,10,5416,5401,10817
650807,ท่าหมื่นราม,Tha Muen Ram,6508,วังทอง,Wang Thong,65,พิษณุโลก,Phitsanulok,31,40,44,46,45,44,39,30,56,54,56,36,44,39,34,45,50,44,40,40,49,38,49,46,49,60,52,38,33,45,68,47,40,45,52,57,54,50,62,46,53,54,63,56,55,52,68,66,69,54,64,54,70,51,49,53,37,53,48,42,52,55,55,57,48,53,66,52,62,58,74,69,53,65,71,57,68,71,64,60,66,65,57,68,54,81,84,74,68,80,82,70,74,69,70,70,78,88,72,61,59,78,71,57,66,93,53,70,59,59,62,74,48,74,42,63,59,54,37,55,45,42,40,54,33,57,33,34,39,42,38,34,42,38,32,24,25,31,20,28,17,14,21,24,15,21,12,16,17,19,20,19,18,7,20,22,16,23,11,23,6,14,11,12,8,16,5,13,4,9,5,4,4,4,8,7,1,6,1,5,1,4,1,5,1,1,0,1,1,3,0,0,0,1,0,0,0,2,1,0,0,0,0,0,0,0,0,0,0,0,4,0,4,3,1,4,3976,4105,8081
650808,วังนกแอ่น,Wang Nok Aen,6508,วังทอง,Wang Thong,65,พิษณุโลก,Phitsanulok,88,69,77,95,78,104,104,78,125,114,106,96,100,105,92,95,116,114,111,85,103,98,101,94,106,105,103,92,92,105,85,89,106,103,97,85,106,88,103,121,143,114,175,104,168,95,119,101,128,108,145,135,141,114,146,136,126,90,129,133,130,126,170,127,153,115,152,130,127,122,156,129,131,111,139,141,123,109,130,117,125,107,111,117,122,128,124,128,132,140,134,134,136,140,149,133,149,144,106,130,127,133,136,134,145,141,121,121,139,117,129,108,115,125,137,88,103,99,95,103,92,67,75,71,58,82,72,75,66,65,71,65,50,63,60,59,41,60,49,48,52,37,40,47,28,46,42,34,31,36,31,32,27,36,26,32,25,40,17,33,15,24,21,23,17,25,8,18,9,18,16,10,3,10,6,7,5,9,6,6,4,5,2,6,2,8,0,1,2,2,3,1,0,0,0,0,0,0,0,0,0,0,1,0,0,0,0,0,0,0,18,8,26,22,1,23,8478,7972,16450
650809,หนองพระ,Nong Phra,6508,วังทอง,Wang Thong,65,พิษณุโลก,Phitsanulok,28,27,30,40,30,33,34,27,38,28,34,38,46,38,34,45,47,29,42,28,40,46,53,34,39,39,32,39,35,32,42,41,41,35,40,34,53,40,43,53,45,42,48,36,57,42,53,40,55,56,59,54,52,58,69,50,40,47,44,43,50,49,45,48,55,45,50,59,49,48,70,33,51,48,56,41,56,43,47,54,56,52,43,49,43,46,52,63,49,56,53,66,63,54,53,59,56,67,49,68,64,64,65,71,68,87,35,48,55,48,69,52,40,50,51,50,47,47,42,44,44,40,37,46,39,44,29,35,39,41,25,37,32,42,23,34,26,30,23,25,12,21,19,15,7,18,18,21,17,19,15,21,13,17,17,28,15,21,10,15,6,17,6,20,8,11,7,9,8,13,4,6,1,5,3,7,3,6,4,2,2,4,1,3,0,4,1,0,0,2,1,1,0,1,0,0,0,0,0,0,0,0,0,1,0,0,0,0,0,0,4,1,5,5,0,5,3409,3486,6895
650810,ชัยนาม,Chai Nam,6508,วังทอง,Wang Thong,65,พิษณุโลก,Phitsanulok,28,29,23,21,35,27,34,25,29,32,28,20,28,33,23,20,35,25,41,29,34,39,45,30,34,30,38,24,35,31,32,44,33,39,44,30,36,39,43,41,50,47,35,38,44,34,45,52,41,53,47,42,45,42,44,39,34,35,46,39,41,46,33,37,39,43,51,52,43,42,65,43,47,42,50,53,46,39,49,37,34,40,41,63,52,55,52,56,40,38,52,62,50,64,59,45,48,68,48,58,40,53,56,54,38,50,54,53,41,63,45,56,71,37,54,45,42,55,47,44,30,37,28,33,29,49,38,40,30,44,23,39,26,36,35,38,22,29,24,22,18,25,26,30,18,27,19,16,22,15,10,20,13,18,9,20,14,17,11,18,10,12,12,12,4,14,5,6,5,9,4,13,4,8,4,7,4,9,1,7,2,3,1,2,2,2,0,0,1,2,0,2,0,2,1,3,1,0,0,0,0,0,0,0,0,0,0,0,0,0,6,0,6,10,2,12,3059,3210,6269
650811,ดินทอง,Din Thong,6508,วังทอง,Wang Thong,65,พิษณุโลก,Phitsanulok,34,32,27,34,39,35,28,31,35,22,37,37,26,41,42,37,36,29,50,37,39,37,39,36,41,40,29,38,42,27,43,40,36,44,40,25,42,44,50,40,49,45,37,34,46,47,45,42,56,48,37,50,47,40,45,42,36,54,36,40,52,33,48,60,41,44,58,49,62,45,57,54,53,45,65,35,58,53,43,54,61,52,59,41,53,54,59,53,65,58,55,52,58,70,60,57,48,58,63,55,34,60,48,65,48,58,42,48,40,48,56,55,46,44,46,33,43,44,36,42,37,51,30,44,24,47,22,37,33,34,26,29,33,34,29,29,28,27,16,14,14,26,19,20,15,18,8,15,22,15,11,20,6,14,12,21,12,13,10,12,14,13,7,7,7,9,5,10,5,8,6,7,5,10,6,3,2,4,2,4,0,1,1,2,1,2,0,2,1,1,0,1,1,2,0,0,0,0,0,0,0,0,0,0,0,0,0,0,0,0,6,1,7,2,1,3,3224,3275,6499
650901,ชมพู,Chomphu,6509,เนินมะปราง,Noen Maprang,65,พิษณุโลก,Phitsanulok,53,48,54,54,81,82,85,64,81,73,88,63,70,65,82,80,88,79,80,62,84,84,81,72,94,80,67,58,91,67,68,78,75,69,84,72,87,78,102,102,99,94,96,102,89,79,98,84,95,86,85,99,88,88,94,73,93,87,82,87,86,89,93,75,102,84,93,86,98,94,98,89,113,79,106,111,116,81,118,104,120,97,119,113,112,105,145,99,113,112,121,127,122,111,120,129,126,117,122,117,95,103,116,115,140,130,97,118,88,89,88,92,86,99,90,85,92,91,89,95,62,68,68,68,59,79,65,69,69,55,69,67,62,55,58,45,36,36,40,59,26,55,39,33,40,28,30,27,23,29,27,40,31,24,34,39,13,26,24,30,24,30,18,14,13,19,9,15,8,12,14,10,5,9,4,6,2,7,3,11,5,2,4,4,3,0,2,1,1,3,3,1,1,1,1,1,1,0,1,2,0,0,0,0,0,0,0,0,0,0,3,3,6,7,3,10,6745,6431,13176
650902,บ้านมุง,Ban Mung,6509,เนินมะปราง,Noen Maprang,65,พิษณุโลก,Phitsanulok,20,20,43,38,38,52,37,34,54,34,39,40,41,44,36,41,40,44,45,36,49,38,44,34,45,49,41,42,53,50,45,44,53,31,55,49,48,41,62,59,63,55,39,43,44,45,53,47,51,37,40,43,52,38,53,47,41,40,51,60,50,41,54,38,55,52,54,49,54,56,53,48,58,43,69,68,67,66,77,67,67,49,64,72,75,64,70,65,50,59,77,71,54,63,48,64,76,75,49,51,57,58,56,49,37,67,41,53,51,43,59,49,50,49,46,47,41,48,35,30,37,32,42,39,25,36,32,33,30,36,22,26,22,24,20,24,27,27,16,13,16,25,16,15,10,11,15,14,17,14,14,23,10,16,12,19,13,16,13,13,8,15,4,16,6,8,6,8,6,6,3,5,5,6,4,4,4,3,2,1,1,1,1,4,1,4,3,1,1,0,0,2,1,0,1,0,0,0,0,0,1,1,0,0,0,0,0,3,2,5,8,3,11,3,2,5,3550,3477,7027
650903,ไทรย้อย,Sai Yoi,6509,เนินมะปราง,Noen Maprang,65,พิษณุโลก,Phitsanulok,30,35,49,45,46,35,53,45,48,53,45,44,50,45,53,58,59,50,56,53,48,54,53,50,56,51,59,52,44,52,44,37,61,57,63,59,65,49,72,57,63,74,34,52,47,73,54,48,80,60,63,48,69,59,61,57,49,55,55,43,42,39,66,61,52,52,75,54,76,66,64,73,72,67,60,64,76,78,60,67,76,65,84,58,74,73,62,84,73,72,75,92,77,59,66,83,74,83,82,82,75,72,70,65,69,72,53,72,77,70,57,48,62,69,58,49,56,62,53,62,48,46,50,50,47,41,34,55,43,42,44,39,34,42,33,52,35,26,26,25,28,29,11,18,19,19,21,26,19,22,16,20,14,19,12,19,12,17,15,14,10,12,9,17,6,18,6,13,8,9,9,10,5,12,4,8,5,7,7,3,1,1,2,2,1,1,1,3,0,0,0,0,0,2,0,0,0,0,0,0,0,0,0,0,0,0,0,52,31,83,3,0,3,5,1,6,4340,4334,8674
650904,วังโพรง,Wang Phrong,6509,เนินมะปราง,Noen Maprang,65,พิษณุโลก,Phitsanulok,31,36,34,40,31,25,37,34,34,33,47,37,54,44,43,34,39,43,34,46,48,37,51,47,46,43,45,57,44,42,45,46,46,39,45,46,55,47,52,50,63,50,53,44,53,58,47,44,39,40,56,46,56,47,39,46,34,50,50,52,60,45,46,55,47,48,54,51,57,55,56,48,55,53,63,55,60,59,53,60,77,57,66,61,77,72,56,58,77,69,63,65,57,53,54,36,54,72,64,67,43,72,58,47,56,56,58,46,51,47,48,60,54,53,34,65,48,54,41,43,20,43,31,39,46,36,37,34,33,41,19,34,32,38,33,28,25,24,24,23,23,23,17,21,18,19,17,25,17,15,19,27,14,13,12,21,17,15,10,14,12,10,7,10,6,8,5,7,6,10,6,6,1,7,4,4,1,5,1,4,4,4,3,2,0,3,0,2,0,1,0,0,0,1,0,1,1,0,0,0,0,1,0,0,0,0,0,0,0,0,1,1,2,7,2,9,3567,3607,7174
650905,บ้านน้อยซุ้มขี้เหล็ก,Ban Noi Sum Khi Lek,6509,เนินมะปราง,Noen Maprang,65,พิษณุโลก,Phitsanulok,41,38,33,37,48,52,38,53,48,51,47,54,46,42,56,64,49,58,63,45,60,48,46,52,61,42,44,38,52,50,39,51,39,58,47,55,50,48,43,71,68,49,50,55,48,64,60,46,55,52,66,50,53,54,53,62,52,65,58,36,47,56,63,68,59,76,64,73,66,50,68,62,57,59,60,66,54,58,58,47,59,51,68,64,73,49,56,69,73,67,62,73,67,69,54,72,57,64,68,69,63,70,68,81,78,63,59,55,61,58,43,71,50,58,49,56,47,66,36,51,34,57,38,50,31,48,38,47,42,43,41,37,32,35,36,37,22,30,30,22,27,17,19,18,13,17,16,20,13,20,16,22,17,17,16,22,14,15,3,15,15,11,8,18,10,18,5,10,8,6,2,8,4,10,1,9,5,5,6,2,0,4,4,5,1,0,1,0,2,0,1,0,0,0,0,1,0,0,0,0,0,0,0,0,0,0,0,0,0,0,3,2,5,11,1,12,3885,4130,8015
650906,เนินมะปราง,Noen Maprang,6509,เนินมะปราง,Noen Maprang,65,พิษณุโลก,Phitsanulok,50,36,47,34,46,41,32,46,49,39,45,34,53,49,36,42,47,44,43,53,45,41,42,46,56,49,52,49,61,40,51,39,48,46,54,52,71,44,51,52,54,58,44,58,52,61,50,59,40,50,44,58,62,48,60,65,53,58,51,62,66,59,48,48,58,44,80,66,70,54,61,51,56,60,67,56,57,52,87,82,77,75,71,57,65,74,62,80,66,55,85,75,61,71,65,74,57,64,81,80,72,74,50,58,75,91,44,65,50,56,63,65,48,56,48,60,51,43,37,47,43,42,33,50,39,46,33,36,33,50,28,27,29,30,41,31,18,25,21,25,17,28,21,21,14,21,11,26,12,15,17,26,11,20,17,13,17,16,14,16,16,10,5,8,10,9,13,8,6,10,4,6,6,3,5,5,2,8,4,2,3,3,1,1,1,0,1,1,0,1,0,0,1,0,0,0,0,0,0,0,0,0,0,0,0,0,0,200,171,371,4,2,6,1,3,4,4119,4160,8279
650907,วังยาง,Wang Yang,6509,เนินมะปราง,Noen Maprang,65,พิษณุโลก,Phitsanulok,18,21,33,30,24,33,22,27,40,27,32,31,35,31,30,42,35,29,45,32,44,33,30,24,31,34,30,31,37,36,33,28,33,32,28,41,47,38,52,41,37,48,31,40,36,26,35,41,46,44,46,38,44,42,36,41,37,36,32,47,33,46,41,41,38,44,48,43,50,39,59,50,46,35,44,41,41,43,61,51,54,66,52,56,57,43,59,58,61,71,41,55,60,42,44,51,54,62,36,61,49,54,55,42,53,52,36,43,38,33,41,44,47,36,30,49,41,43,43,39,35,39,30,29,30,30,22,30,34,21,26,26,15,24,18,15,12,27,17,27,14,18,11,13,16,16,17,19,14,10,15,13,9,11,7,11,5,10,7,12,3,7,14,8,5,9,4,6,6,12,3,3,0,2,2,4,2,3,1,2,4,0,0,1,2,1,0,0,0,0,0,0,0,0,0,0,0,0,0,1,0,1,0,0,0,0,0,0,0,0,2,0,2,3,0,3,2876,2938,5814
650101,ในเมือง,Nai Mueang,6501,เมืองพิษณุโลก,Mueang Phitsanulok,65,พิษณุโลก,Phitsanulok,273,250,280,253,275,247,296,257,342,293,277,261,309,287,322,282,286,327,332,353,330,358,371,366,391,397,366,469,394,434,361,471,436,470,353,436,453,516,485,593,477,627,436,607,439,535,442,451,431,471,463,460,474,456,436,411,428,460,423,453,449,465,478,487,449,440,486,501,449,478,480,502,429,480,460,497,436,502,442,525,430,500,414,525,419,498,422,482,415,483,433,522,431,475,457,554,459,550,403,526,454,545,461,605,491,654,481,599,498,597,469,665,518,633,488,622,462,560,414,579,385,548,359,518,336,477,343,495,318,451,299,467,293,402,307,417,251,350,237,338,159,295,146,266,203,272,171,228,164,244,188,241,136,202,148,212,140,205,145,202,119,189,98,173,118,159,85,109,85,121,70,98,54,81,48,70,44,70,46,66,30,39,23,43,18,22,20,19,15,19,6,17,14,13,7,9,9,7,7,6,6,2,3,9,0,0,0,607,535,1142,166,86,252,219,201,420,31603,37295,68898
650102,วังน้ำคู้,Wang Nam Khu,6501,เมืองพิษณุโลก,Mueang Phitsanulok,65,พิษณุโลก,Phitsanulok,20,24,17,30,28,24,24,26,26,34,25,29,25,23,29,19,27,23,28,28,24,32,32,26,30,22,27,19,26,25,25,30,35,29,33,30,36,25,40,39,39,31,30,31,26,29,29,30,31,44,34,31,32,27,33,28,32,26,26,30,40,25,38,33,34,31,31,32,25,31,34,28,34,34,34,33,40,33,29,35,44,43,29,42,40,50,28,29,39,43,35,49,35,46,43,46,41,55,39,38,35,41,62,59,29,48,43,56,49,43,34,44,29,37,42,40,31,31,27,39,25,27,20,33,21,33,18,36,29,36,21,32,22,32,26,27,15,25,19,24,13,13,15,31,16,19,17,19,16,17,19,17,13,24,7,8,12,17,11,19,14,15,4,11,4,8,7,13,5,9,7,7,8,3,4,10,3,2,0,6,2,5,0,3,1,0,0,1,0,0,1,2,0,0,0,0,0,1,1,2,0,0,0,0,0,0,0,0,0,0,2,1,3,2,1,3,2382,2627,5009
650103,วัดจันทร์,Wat Chan,6501,เมืองพิษณุโลก,Mueang Phitsanulok,65,พิษณุโลก,Phitsanulok,37,31,36,32,49,53,46,46,57,40,52,50,59,50,49,42,52,45,42,33,44,46,49,42,60,41,51,44,61,46,51,54,57,48,45,50,55,62,57,60,46,59,64,67,58,65,42,58,47,73,56,60,55,48,57,60,65,66,54,65,54,57,62,70,72,67,63,67,68,79,65,82,68,74,55,69,58,79,67,75,65,72,71,70,70,80,65,72,59,74,66,70,51,79,61,71,52,77,56,73,50,84,64,66,70,94,73,86,70,68,49,75,66,66,48,67,41,58,39,51,39,52,42,49,39,52,29,28,30,45,25,36,26,32,22,25,19,25,18,25,22,29,23,19,12,16,12,17,8,14,4,24,7,16,8,20,3,18,13,17,12,15,5,11,7,18,6,5,5,10,1,8,2,6,3,3,2,3,4,3,1,3,1,3,0,3,1,1,2,1,0,0,0,0,0,0,0,1,0,0,0,0,0,0,0,0,0,0,0,0,9,3,12,2,2,4,3835,4366,8201
650104,วัดพริก,Wat Phrik,6501,เมืองพิษณุโลก,Mueang Phitsanulok,65,พิษณุโลก,Phitsanulok,44,54,39,43,61,32,44,34,33,32,52,50,48,51,49,37,51,44,45,37,66,48,57,61,55,41,38,44,42,45,47,44,54,41,44,43,69,54,64,51,85,59,63,69,51,55,62,64,70,66,58,76,57,57,70,64,68,49,65,58,69,76,64,65,64,53,73,56,66,66,72,69,75,67,53,68,53,63,71,65,71,65,63,74,69,75,68,73,55,69,60,63,70,67,76,79,79,78,70,83,65,91,80,84,84,118,63,85,52,75,76,88,78,94,74,71,52,78,58,72,44,67,43,51,51,49,43,62,39,67,39,71,47,45,46,52,26,49,40,42,34,25,21,18,24,31,21,25,21,34,20,26,12,26,20,28,18,34,19,32,11,30,17,17,9,13,13,27,9,23,11,15,4,10,11,12,3,9,3,6,4,4,0,4,3,0,1,0,0,3,0,0,0,2,0,0,0,0,0,0,1,0,0,0,0,0,0,9,12,21,7,7,14,8,5,13,4426,4766,9192
650105,ท่าทอง,Tha Thong,6501,เมืองพิษณุโลก,Mueang Phitsanulok,65,พิษณุโลก,Phitsanulok,77,66,70,60,67,64,71,69,71,82,81,81,67,70,72,64,91,74,76,66,82,62,91,77,91,61,91,74,85,61,82,80,100,69,89,76,85,78,103,103,116,118,92,99,79,103,97,82,92,76,97,99,94,94,78,77,82,97,91,102,84,110,74,87,94,105,103,92,115,132,75,116,101,99,115,105,103,113,99,124,98,106,101,117,73,109,79,123,93,92,88,126,96,102,104,103,107,101,95,118,93,119,105,132,109,132,113,119,91,131,107,111,100,122,116,106,88,112,86,110,73,72,60,78,76,74,63,70,64,74,53,67,55,56,53,67,44,63,39,43,34,36,34,42,40,27,32,41,24,28,31,34,25,38,15,35,23,28,20,27,13,23,14,19,7,14,14,14,12,12,6,9,11,12,2,11,3,5,2,5,3,4,1,6,1,2,0,4,1,1,1,2,0,1,0,0,0,0,0,0,1,0,0,0,0,0,0,0,0,0,7,2,9,4,9,13,6426,6913,13339
650106,ท่าโพธิ์,Tha Pho,6501,เมืองพิษณุโลก,Mueang Phitsanulok,65,พิษณุโลก,Phitsanulok,83,75,69,82,83,85,80,63,70,80,79,79,70,73,82,66,70,63,87,70,87,59,84,62,75,58,67,50,66,57,69,56,85,62,86,54,457,951,1199,2608,1057,2206,733,1536,401,775,246,337,208,239,145,192,146,128,101,122,80,109,104,110,88,100,101,115,124,130,71,115,100,98,98,111,115,113,94,112,106,114,92,93,107,107,102,108,88,103,104,89,83,83,80,101,83,104,73,96,79,129,102,119,103,106,97,114,102,153,95,102,79,114,88,94,73,105,89,105,82,82,68,97,58,63,62,79,54,91,50,60,42,57,38,58,49,64,47,62,46,47,30,47,39,45,34,36,22,32,29,37,24,39,25,33,26,28,24,26,22,26,15,30,17,24,15,28,13,24,8,22,10,15,5,14,4,15,10,17,4,9,2,8,4,2,0,4,2,3,2,4,0,5,0,1,1,2,0,2,0,2,0,0,1,1,0,0,0,0,0,0,0,0,16,9,25,14,33,47,9899,14923,24822
650107,สมอแข,Samo Khae,6501,เมืองพิษณุโลก,Mueang Phitsanulok,65,พิษณุโลก,Phitsanulok,77,63,80,67,86,81,90,88,115,94,75,91,86,93,80,78,86,85,100,94,80,75,85,95,82,89,83,86,80,79,86,89,81,100,108,90,98,92,104,94,121,84,366,107,336,94,154,107,150,100,147,121,151,104,119,99,126,116,122,89,105,126,115,109,111,105,111,122,122,126,112,135,127,140,126,135,111,122,104,105,106,131,123,137,109,138,104,145,118,140,137,141,119,145,107,137,127,148,115,137,126,140,112,147,131,137,127,144,124,145,135,123,123,125,93,106,85,100,67,93,67,76,80,89,69,83,67,90,53,73,56,71,58,63,65,73,44,47,43,47,26,34,32,29,28,23,26,25,18,23,31,39,24,28,14,19,20,24,24,22,23,23,16,14,13,21,10,18,7,12,10,9,7,10,5,6,6,3,3,8,1,3,1,5,1,3,0,3,2,0,1,0,0,0,1,0,1,0,1,1,0,0,0,0,0,0,0,0,0,0,20,5,25,57,4,61,8017,7754,15771
650108,ดอนทอง,Don Thong,6501,เมืองพิษณุโลก,Mueang Phitsanulok,65,พิษณุโลก,Phitsanulok,71,59,80,63,76,76,82,59,82,68,77,75,80,74,69,78,68,90,82,76,80,77,98,78,91,82,79,69,72,76,66,81,76,72,71,94,92,77,95,103,125,95,79,76,80,75,91,123,76,92,97,89,91,88,100,97,105,90,86,79,91,81,92,89,85,104,92,81,100,92,83,95,94,94,85,109,99,93,90,107,105,112,103,130,106,134,109,95,97,101,110,125,122,101,107,121,115,107,127,129,110,119,113,134,111,112,99,104,97,112,56,99,81,96,95,100,80,84,68,77,70,71,71,65,68,81,76,87,55,79,57,74,62,65,61,55,45,78,43,44,46,49,45,42,30,44,37,25,31,40,28,43,29,26,26,32,23,29,16,21,18,30,7,23,8,14,10,17,4,10,7,6,6,15,6,10,3,8,2,9,3,2,1,4,1,3,3,1,1,1,0,0,1,2,0,1,0,1,0,0,2,0,0,0,0,0,0,0,0,0,6,2,8,5,1,6,6452,6778,13230
650109,บ้านป่า,Ban Pa,6501,เมืองพิษณุโลก,Mueang Phitsanulok,65,พิษณุโลก,Phitsanulok,36,31,37,28,36,31,35,36,37,20,37,31,25,23,32,23,32,34,27,33,28,28,24,30,34,28,30,27,20,29,34,31,24,33,33,26,38,37,50,42,40,53,49,51,42,34,37,39,39,44,42,45,36,43,32,35,36,35,38,34,46,48,41,40,24,37,43,32,49,38,47,34,46,33,41,39,39,42,38,38,43,47,40,45,31,47,39,42,36,44,35,44,52,37,38,32,48,57,52,56,52,53,49,63,55,63,39,46,49,54,35,50,40,48,42,53,36,38,43,44,22,27,20,32,38,37,37,34,37,35,31,34,26,22,23,29,23,29,23,40,15,12,14,22,11,19,8,21,10,19,15,16,17,19,14,14,10,13,10,14,9,13,15,12,8,7,8,9,4,14,2,1,5,7,3,8,0,2,1,1,0,3,0,2,3,2,1,0,2,1,0,1,0,0,0,0,1,0,0,0,0,0,0,1,0,0,0,0,0,0,1,1,2,1,0,1,2776,2931,5707
650110,ปากโทก,Pak Thok,6501,เมืองพิษณุโลก,Mueang Phitsanulok,65,พิษณุโลก,Phitsanulok,22,21,19,28,18,32,32,33,32,26,23,24,34,20,24,23,22,26,33,15,27,21,29,22,31,23,27,33,25,30,27,36,25,28,21,26,23,33,34,33,32,44,33,46,38,41,24,24,32,30,41,33,30,35,43,36,22,27,25,27,21,29,25,34,35,30,46,30,37,39,27,33,31,38,24,37,37,46,37,51,21,42,44,41,36,35,33,44,47,42,28,37,40,29,31,43,37,47,41,51,39,45,39,37,28,41,41,44,39,46,27,47,37,39,36,36,31,36,27,31,21,40,27,28,31,35,14,19,24,27,26,20,21,31,10,26,18,25,15,21,11,16,9,21,7,22,14,11,14,18,11,12,12,23,11,13,14,12,8,11,8,18,5,13,7,10,6,11,0,16,5,6,3,8,1,6,5,3,1,4,0,3,1,4,2,1,0,2,0,2,0,2,0,2,0,1,0,0,0,0,1,0,0,0,0,0,0,0,0,0,3,3,6,1,2,3,2237,2604,4841
650111,หัวรอ,Hua Ro,6501,เมืองพิษณุโลก,Mueang Phitsanulok,65,พิษณุโลก,Phitsanulok,111,97,126,106,116,123,138,103,131,133,143,138,147,139,127,118,143,133,147,134,130,138,119,148,157,139,196,146,209,162,186,130,169,164,169,140,199,169,179,174,153,161,141,189,150,138,154,159,155,169,165,197,169,171,159,158,127,148,143,177,155,187,171,169,145,200,164,215,177,210,174,198,179,208,174,192,182,208,168,237,179,229,149,228,158,240,164,226,159,191,176,220,165,211,158,207,165,215,167,219,190,216,160,205,163,232,154,199,173,218,174,177,144,205,162,194,135,165,129,143,105,170,105,142,97,129,105,157,87,115,91,113,88,110,56,103,70,72,66,84,56,86,46,60,40,51,37,58,41,70,32,51,24,41,37,29,30,45,22,39,29,54,14,47,16,37,13,35,15,23,12,20,9,19,13,13,12,9,2,13,4,4,3,4,0,1,2,0,0,5,0,3,1,4,0,0,1,0,0,0,1,0,0,0,0,0,0,0,0,0,23,3,26,5,13,18,10881,12597,23478
650112,จอมทอง,Chom Thong,6501,เมืองพิษณุโลก,Mueang Phitsanulok,65,พิษณุโลก,Phitsanulok,23,19,20,22,19,13,21,12,28,19,12,18,21,17,28,22,12,15,21,22,26,18,17,19,16,17,19,20,20,23,19,18,11,14,23,23,24,27,21,21,33,33,22,33,28,24,28,24,23,25,25,29,23,28,28,30,28,28,25,28,23,29,25,26,29,29,25,32,23,25,25,27,25,26,26,26,25,35,27,18,24,32,33,26,27,26,37,33,18,36,36,35,38,32,22,31,48,29,32,36,38,23,27,39,32,39,29,28,30,32,36,35,26,39,24,27,23,28,37,25,16,22,14,19,16,26,16,25,23,36,18,21,10,25,15,29,15,26,7,19,10,16,8,13,7,13,13,11,3,12,7,18,7,14,11,14,9,11,7,10,7,5,2,6,4,11,3,5,2,7,3,10,1,8,1,5,0,4,1,1,1,2,0,1,0,1,0,1,0,0,0,0,0,0,0,0,0,0,0,0,0,0,0,0,0,0,0,0,0,0,1,0,1,0,1,1,1792,2013,3805
650113,บ้านกร่าง,Ban Krang,6501,เมืองพิษณุโลก,Mueang Phitsanulok,65,พิษณุโลก,Phitsanulok,56,54,52,55,71,67,63,59,60,77,54,86,68,68,59,68,62,61,55,52,52,65,57,71,48,59,63,45,64,56,60,59,67,51,67,65,85,71,94,72,86,67,63,81,61,83,75,75,86,78,101,76,91,101,91,92,70,65,82,97,89,85,91,83,97,96,81,93,79,104,94,81,89,81,70,82,79,96,99,95,74,103,92,82,89,101,99,102,82,88,83,97,86,112,94,98,113,121,103,116,125,103,86,116,100,133,92,116,109,123,92,113,103,114,82,109,74,91,67,100,64,74,56,72,72,77,57,81,74,74,64,48,60,71,51,76,51,67,34,53,36,46,33,41,32,52,33,45,28,48,35,51,26,40,27,29,33,33,28,37,25,30,15,21,16,26,10,19,10,12,4,15,6,11,4,10,2,5,6,7,3,5,3,3,0,4,1,2,0,2,1,2,0,2,0,0,0,0,0,1,0,0,0,0,0,0,0,0,0,0,6,0,6,4,0,4,5786,6402,12188
650114,บ้านคลอง,Ban Khlong,6501,เมืองพิษณุโลก,Mueang Phitsanulok,65,พิษณุโลก,Phitsanulok,54,50,50,48,51,51,73,67,60,65,54,53,55,47,67,57,55,45,59,47,69,61,63,50,65,52,77,46,57,56,56,59,65,74,72,73,72,61,72,87,86,88,837,102,836,79,267,69,200,77,145,76,142,81,108,72,92,64,97,78,97,72,98,93,113,72,88,79,78,75,75,90,77,84,70,75,95,88,80,81,76,87,87,83,92,69,70,83,72,85,77,75,79,82,89,87,82,105,78,99,77,91,83,99,93,124,87,108,97,114,122,100,112,86,105,92,88,76,111,81,80,65,63,55,63,73,87,63,102,46,69,49,49,47,36,37,34,45,31,24,30,38,21,26,23,21,16,17,24,29,15,18,15,23,14,27,17,21,10,22,18,12,5,17,17,16,13,12,13,12,8,10,10,8,2,6,3,8,8,7,5,5,3,2,2,3,3,1,0,0,2,2,2,0,2,0,1,1,1,1,1,1,0,0,0,0,0,0,0,0,4,5,9,196,7,203,7822,5452,13274
650115,พลายชุมพล,Phlai Chumphon,6501,เมืองพิษณุโลก,Mueang Phitsanulok,65,พิษณุโลก,Phitsanulok,38,33,48,42,42,30,44,42,39,29,42,51,39,25,39,32,46,28,29,38,29,29,47,46,46,32,35,36,36,36,50,43,47,33,38,45,42,32,54,38,57,68,32,75,49,64,51,70,36,44,48,54,53,49,53,55,59,59,59,58,43,55,60,70,54,54,47,62,40,43,55,49,46,73,58,75,51,64,52,54,41,49,51,46,49,57,46,63,50,51,59,55,56,58,45,60,62,69,42,61,67,65,55,78,59,70,61,50,48,49,49,63,57,57,38,61,53,58,36,54,43,48,41,34,34,39,38,45,24,52,27,36,25,32,31,39,18,24,16,21,24,28,15,23,11,20,6,24,15,16,14,21,11,23,10,22,16,18,13,16,11,14,9,15,9,11,9,13,7,8,6,8,2,7,2,12,3,7,5,4,1,5,0,4,3,0,2,0,0,1,0,0,0,0,0,0,0,0,0,0,0,0,0,1,0,0,0,7,1,8,8,2,10,2,4,6,3375,3787,7162
650116,มะขามสูง,Makham Sung,6501,เมืองพิษณุโลก,Mueang Phitsanulok,65,พิษณุโลก,Phitsanulok,22,29,41,30,20,28,25,38,36,27,32,30,34,28,29,36,27,24,27,26,33,30,24,25,35,33,35,30,42,25,27,37,25,33,36,23,37,32,41,47,47,44,33,32,33,34,36,45,48,49,34,52,29,46,40,31,38,35,44,39,34,36,38,36,39,38,45,35,53,41,29,38,51,37,37,42,38,37,55,38,51,41,44,37,47,51,45,51,38,51,31,41,47,51,38,42,47,53,43,52,45,51,43,50,33,66,38,37,48,35,31,39,39,44,39,39,33,30,38,37,29,34,27,31,38,46,24,27,20,34,28,29,24,43,21,33,21,33,17,20,17,25,14,20,20,21,6,19,12,18,19,15,6,13,14,16,8,20,9,17,4,17,7,18,11,12,10,8,4,13,2,12,9,10,4,6,2,9,0,3,1,4,1,1,2,2,1,2,1,1,0,1,0,0,0,0,0,0,0,1,0,0,0,0,0,0,0,0,0,0,1,0,1,2,3,5,2683,2931,5614
650117,อรัญญิก,Aranyik,6501,เมืองพิษณุโลก,Mueang Phitsanulok,65,พิษณุโลก,Phitsanulok,146,108,145,134,137,124,145,143,167,140,143,143,158,148,141,154,126,130,134,117,154,149,165,168,156,144,138,149,162,147,148,141,140,165,175,144,185,176,208,165,200,184,1361,194,1197,194,404,178,326,190,298,202,282,207,260,168,230,186,238,227,223,189,209,207,226,217,233,189,232,207,227,213,220,222,217,222,208,211,199,224,203,212,205,231,221,204,187,194,203,189,213,204,184,220,178,213,181,266,224,255,199,226,221,257,252,246,235,257,258,270,278,224,256,235,228,249,210,183,174,177,140,135,121,155,109,160,126,138,102,139,86,119,96,119,86,102,73,112,72,78,54,86,60,69,36,59,55,63,31,48,48,53,43,46,42,51,27,49,35,35,32,32,27,47,24,28,12,26,22,24,18,18,11,23,12,17,4,12,6,11,5,9,6,11,3,6,4,6,3,8,3,3,0,3,3,1,1,0,0,2,2,5,1,1,0,0,0,15,8,23,25,12,37,223,13,236,16277,13574,29851
650118,บึงพระ,Bueng Phra,6501,เมืองพิษณุโลก,Mueang Phitsanulok,65,พิษณุโลก,Phitsanulok,77,81,95,91,93,102,98,92,114,103,97,92,92,70,86,86,95,98,108,100,90,95,83,87,93,88,83,95,89,91,85,88,110,97,93,103,109,78,114,117,104,127,105,109,100,105,106,111,114,111,131,108,119,126,130,117,115,106,127,136,122,127,123,146,115,153,131,133,134,158,148,136,146,169,143,146,139,137,124,143,109,155,125,159,107,153,112,159,104,120,139,154,121,148,115,135,122,175,111,159,116,145,117,146,130,206,124,142,141,149,118,128,104,146,113,136,128,125,99,108,86,102,79,113,89,131,83,93,74,94,78,92,54,84,64,74,58,70,50,73,47,50,42,49,25,38,34,40,35,42,36,32,27,38,37,38,24,38,24,35,20,35,22,24,15,21,17,11,15,23,6,9,11,10,10,20,6,7,5,6,2,6,2,4,5,5,1,1,3,3,1,1,0,0,0,1,0,0,2,1,0,1,0,0,0,0,0,511,432,943,18,6,24,17,13,30,8470,9372,17842
650119,ไผ่ขอดอน,Phai Kho Don,6501,เมืองพิษณุโลก,Mueang Phitsanulok,65,พิษณุโลก,Phitsanulok,21,16,20,15,22,17,19,24,16,32,19,28,13,24,21,15,18,21,18,32,23,20,26,18,17,20,12,26,28,19,16,24,29,16,18,24,18,28,29,36,23,26,25,23,23,23,27,29,21,23,30,32,33,32,34,25,37,35,32,33,40,38,24,29,27,27,28,31,35,29,31,25,33,29,22,25,30,32,36,26,30,29,31,32,25,32,28,25,31,31,40,36,44,41,33,34,25,41,30,37,47,47,37,40,38,54,30,38,28,35,39,54,24,31,26,31,32,34,22,26,24,37,17,19,19,23,16,32,19,27,11,27,21,17,16,22,15,17,22,18,9,16,9,15,8,9,12,14,21,15,11,17,15,11,4,11,7,10,7,15,7,8,8,8,4,5,2,4,1,4,2,5,4,2,3,5,1,1,0,3,1,2,0,0,0,1,0,1,0,1,0,0,0,0,0,0,0,0,0,0,0,0,0,1,0,0,0,0,0,0,0,0,0,2,0,2,1952,2178,4130
650120,งิ้วงาม,Ngio Ngam,6501,เมืองพิษณุโลก,Mueang Phitsanulok,65,พิษณุโลก,Phitsanulok,14,14,21,25,17,17,22,12,12,15,14,13,25,18,21,17,22,17,14,22,27,19,17,14,14,15,19,15,12,22,18,15,17,24,19,24,27,26,31,34,26,16,19,24,20,24,28,30,29,20,29,24,25,37,28,23,26,33,15,15,39,17,26,18,25,15,32,22,31,27,21,28,18,29,19,23,23,22,19,18,20,15,30,25,21,28,23,23,23,27,26,26,36,35,23,26,26,47,24,25,32,31,38,34,27,39,28,37,33,36,21,26,20,34,22,29,21,28,20,15,22,19,23,17,16,14,19,23,17,13,20,17,15,14,14,21,16,20,11,11,3,17,9,9,3,10,8,5,8,9,4,8,8,7,5,8,9,10,2,10,3,8,7,15,5,7,6,9,2,6,2,5,1,7,1,3,3,4,0,4,0,3,1,0,0,2,0,0,0,0,0,0,0,1,0,0,0,0,0,0,0,0,0,0,0,0,0,0,0,0,0,0,0,1,1,2,1659,1766,3425
650201,นครไทย,Nakhon Thai,6502,นครไทย,Nakhon Thai,65,พิษณุโลก,Phitsanulok,35,28,21,36,45,42,31,30,45,47,41,43,32,40,31,48,51,37,45,37,40,35,58,52,41,34,44,40,40,43,51,40,40,38,48,50,62,51,59,40,66,55,53,48,49,53,59,65,51,68,65,54,60,52,49,42,64,56,49,58,59,68,62,47,71,55,85,67,81,73,82,58,52,69,72,73,49,72,64,62,80,69,84,76,71,77,63,76,79,52,69,56,77,95,59,84,79,93,60,74,67,82,88,95,65,86,88,77,61,92,78,85,79,86,71,94,66,78,67,74,59,83,77,67,64,82,55,69,44,71,52,68,47,40,54,56,37,36,37,50,30,41,35,41,26,33,28,24,25,42,33,30,22,31,18,28,24,34,18,32,26,31,20,13,6,19,16,24,16,23,12,11,11,19,12,6,3,10,0,10,4,10,2,8,2,1,0,5,1,2,0,2,0,2,0,0,0,0,0,1,0,1,0,0,0,0,0,68,96,164,5,3,8,16,8,24,4558,4870,9428
650202,หนองกะท้าว,Nong Kathao,6502,นครไทย,Nakhon Thai,65,พิษณุโลก,Phitsanulok,85,75,65,77,91,86,102,86,98,93,89,103,92,87,90,82,95,104,101,117,104,105,118,103,99,76,82,109,105,67,116,87,91,96,94,99,125,106,122,97,105,92,74,110,79,105,105,83,106,117,119,114,142,130,114,103,104,94,102,88,100,81,124,125,127,140,132,130,153,134,131,111,140,137,156,123,141,139,132,125,127,135,132,148,131,162,140,129,131,118,137,115,154,146,138,159,139,151,129,131,133,137,125,138,147,174,126,126,130,123,121,137,118,126,118,112,127,119,101,108,85,82,110,106,95,65,70,74,84,77,65,72,69,76,59,61,67,51,71,50,37,47,55,45,34,43,43,31,37,43,40,31,18,30,29,25,37,36,23,33,18,39,29,23,20,20,24,21,16,12,13,12,5,12,7,4,8,14,6,11,3,6,3,4,5,3,1,7,3,2,1,1,0,2,0,0,0,0,0,1,0,0,0,0,0,0,0,0,0,0,15,16,31,10,4,14,8269,8122,16391
650203,บ้านแยง,Ban Yaeng,6502,นครไทย,Nakhon Thai,65,พิษณุโลก,Phitsanulok,39,49,54,52,63,62,50,58,91,61,72,53,60,60,65,62,53,48,62,61,72,63,82,56,85,50,63,52,55,53,64,50,58,68,55,56,62,58,72,57,67,67,40,61,44,70,65,53,71,57,61,56,84,58,62,62,68,53,58,76,59,58,69,79,91,74,85,58,97,91,82,82,85,88,95,80,76,69,70,87,74,78,91,80,91,87,72,73,80,72,76,85,89,84,74,73,90,68,75,63,78,67,71,73,95,73,64,81,79,85,61,69,67,67,68,57,52,63,58,47,56,47,54,50,48,59,47,45,57,44,48,41,36,45,36,29,24,24,32,35,26,22,20,24,8,21,23,27,15,14,19,27,15,26,16,18,14,12,11,8,6,11,8,14,6,15,10,14,9,13,5,10,7,5,4,4,3,10,5,4,1,3,2,2,2,1,0,2,0,0,0,4,0,0,0,0,0,0,1,0,0,0,0,0,0,0,0,202,208,410,13,10,23,4,1,5,5104,4902,10006
650204,เนินเพิ่ม,Noen Phoem,6502,นครไทย,Nakhon Thai,65,พิษณุโลก,Phitsanulok,74,76,91,76,92,63,77,67,78,75,80,78,87,67,82,75,80,88,92,69,78,79,67,94,91,71,73,77,76,81,76,89,67,78,65,82,90,83,84,80,64,75,70,74,72,91,94,86,80,92,94,102,84,94,87,115,102,78,92,71,77,104,95,101,108,114,105,97,92,111,109,93,81,87,98,113,88,89,92,85,104,85,84,78,108,86,94,85,99,89,80,92,100,95,92,100,90,87,94,85,79,99,77,105,88,108,97,85,86,99,79,79,96,76,81,83,78,81,69,60,75,74,65,50,58,66,58,56,60,47,32,47,50,42,39,46,32,44,48,35,30,33,24,32,23,22,19,28,36,35,23,29,11,17,19,30,16,28,22,21,14,22,14,12,8,13,17,14,4,18,11,13,7,13,8,8,6,10,5,1,2,4,2,4,1,3,2,2,2,3,0,1,1,0,0,1,0,0,0,0,0,0,0,0,0,0,0,544,592,1136,7,7,14,4,1,5,6558,6701,13259
650205,นาบัว,Na Bua,6502,นครไทย,Nakhon Thai,65,พิษณุโลก,Phitsanulok,41,40,60,39,54,46,39,46,43,50,45,56,50,35,43,52,34,57,44,56,55,37,57,39,58,47,46,55,48,46,66,41,46,49,52,39,57,43,68,46,54,60,35,54,44,47,47,52,47,59,66,66,67,61,55,56,46,45,53,48,54,38,48,54,55,62,55,51,57,67,65,55,61,52,58,50,66,50,44,69,69,48,51,47,55,52,54,69,54,63,61,74,69,75,64,66,63,67,57,94,68,68,64,81,59,69,69,58,46,51,51,59,55,51,51,63,54,50,48,58,53,60,46,35,39,38,32,43,48,42,32,32,21,32,41,36,16,17,33,39,22,20,29,27,22,20,17,16,19,21,13,27,11,14,19,10,11,14,20,20,9,15,11,7,4,8,11,11,9,8,3,5,3,2,4,3,1,12,4,2,4,4,3,2,2,2,0,3,1,0,0,0,1,0,1,2,0,0,0,1,0,0,0,0,0,0,0,0,0,0,4,3,7,2,2,4,3866,3933,7799
650206,นครชุม,Nakhon Chum,6502,นครไทย,Nakhon Thai,65,พิษณุโลก,Phitsanulok,17,11,4,14,16,22,17,15,19,22,14,14,12,21,8,11,17,14,16,18,12,14,14,12,23,15,22,21,13,18,20,23,19,20,12,16,15,10,16,18,17,14,19,23,18,17,22,19,13,17,22,23,31,22,22,22,19,19,17,10,18,20,21,19,23,18,21,22,27,15,20,26,34,27,14,25,28,23,27,26,18,35,19,27,20,40,30,31,29,39,36,21,32,26,36,31,32,30,23,33,32,31,33,22,22,30,25,31,22,27,31,22,19,27,22,12,25,20,16,22,21,21,7,23,18,17,23,11,13,15,11,11,19,10,18,12,10,7,14,14,9,5,12,14,7,13,10,8,2,9,16,7,6,9,8,5,8,7,7,6,5,3,7,10,2,12,5,5,3,8,3,5,3,2,2,3,2,3,1,1,1,3,0,1,0,0,0,2,0,1,0,1,0,1,0,0,0,0,0,0,0,0,0,0,0,0,0,0,0,0,1,1,2,1,0,1,1536,1579,3115
650207,น้ำกุ่ม,Nam Kum,6502,นครไทย,Nakhon Thai,65,พิษณุโลก,Phitsanulok,16,10,10,10,11,9,9,6,9,9,12,11,12,7,13,11,17,13,10,16,15,13,10,17,12,18,7,9,16,12,22,11,11,8,10,13,15,13,14,13,17,10,11,13,13,11,17,14,13,19,16,19,18,13,15,8,10,13,11,12,18,14,19,22,26,17,21,18,27,23,14,18,18,17,26,23,17,21,30,25,17,27,28,23,18,24,19,18,22,25,23,25,30,23,24,23,24,20,24,20,20,12,14,15,19,20,12,17,15,18,22,22,22,26,21,16,18,33,14,11,19,15,17,17,16,14,15,14,13,9,14,15,17,8,7,10,12,5,13,8,7,11,8,10,8,7,7,7,6,5,7,13,2,5,3,9,6,7,3,10,7,6,6,6,2,3,1,4,0,4,2,3,2,3,2,1,3,1,2,2,3,4,2,1,0,1,0,1,0,1,0,1,0,0,0,0,0,0,0,0,0,0,0,0,0,0,0,0,0,0,0,0,0,0,1,1,1246,1219,2465
650208,ยางโกลน,Yang Klon,6502,นครไทย,Nakhon Thai,65,พิษณุโลก,Phitsanulok,17,29,19,25,22,18,24,22,19,33,22,35,23,24,20,21,19,22,32,35,19,28,30,25,22,34,38,26,34,27,28,23,21,28,41,36,32,24,39,40,29,39,21,25,29,31,20,28,32,39,40,42,42,43,31,20,28,32,28,16,22,24,32,29,38,32,26,31,31,32,40,28,33,33,42,26,35,38,40,51,52,55,51,35,38,53,53,44,47,47,57,46,57,57,43,59,48,50,44,38,44,47,61,48,60,46,34,32,39,40,44,50,26,36,40,42,37,32,38,41,30,27,34,43,30,26,31,16,28,32,16,23,18,8,19,24,13,18,22,17,13,12,15,13,15,14,9,13,13,19,13,12,18,11,9,10,4,16,8,10,6,8,6,5,8,10,9,11,5,7,5,4,3,5,4,4,4,5,1,2,0,1,1,1,1,1,0,0,0,0,0,1,0,0,0,0,1,1,0,0,0,0,0,0,0,0,0,0,0,0,0,1,1,0,0,0,2485,2523,5008
650209,บ่อโพธิ์,Bo Pho,6502,นครไทย,Nakhon Thai,65,พิษณุโลก,Phitsanulok,32,40,34,29,37,37,31,36,25,25,31,43,35,34,42,40,44,47,39,36,40,44,46,36,38,46,33,43,41,40,45,42,47,43,30,38,49,47,48,24,42,35,44,41,29,42,29,64,50,45,52,51,45,61,61,54,44,58,56,38,42,34,64,67,64,62,62,43,60,50,43,56,65,65,65,55,60,63,67,62,76,73,54,64,79,63,59,63,60,60,57,64,75,77,55,68,61,73,67,63,65,64,49,64,66,53,73,70,54,60,60,42,43,51,50,47,48,64,39,23,50,36,37,30,32,35,39,36,32,32,33,27,23,33,32,28,16,21,22,24,18,12,18,19,16,17,13,16,20,13,13,12,12,12,10,7,7,12,13,10,15,8,9,10,8,11,6,13,7,11,5,9,4,8,5,6,2,3,4,5,2,3,1,3,1,2,1,1,1,1,1,2,0,0,1,0,0,0,0,0,0,0,0,0,0,0,0,0,0,0,7,3,10,5,0,5,3542,3553,7095
650210,บ้านพร้าว,Ban Phrao,6502,นครไทย,Nakhon Thai,65,พิษณุโลก,Phitsanulok,25,19,30,30,25,22,40,30,41,35,36,32,33,30,37,53,34,44,46,31,33,31,51,36,41,36,32,47,35,30,41,44,26,40,44,41,37,41,46,35,45,30,31,38,33,50,54,37,38,45,30,26,48,50,38,23,32,32,32,32,42,51,45,42,60,48,54,53,66,42,56,58,46,60,50,57,48,59,48,43,48,66,50,63,68,52,50,63,48,41,45,60,74,61,64,55,50,60,58,68,64,64,58,52,58,57,65,54,43,40,46,48,32,52,42,38,58,38,26,31,28,27,26,29,37,30,33,30,29,43,24,29,31,29,25,25,15,9,21,19,17,22,22,18,19,12,21,21,9,16,17,11,9,12,10,21,7,14,12,8,18,11,4,11,6,9,5,7,8,3,5,3,2,4,4,1,2,3,1,3,3,3,1,1,0,0,2,2,0,1,0,1,1,2,0,2,0,1,0,0,2,0,0,0,0,0,0,0,0,0,3,1,4,2,4,6,3157,3144,6301
650211,ห้วยเฮี้ย,Huai Hia,6502,นครไทย,Nakhon Thai,65,พิษณุโลก,Phitsanulok,47,31,36,46,50,37,50,44,57,56,51,53,54,36,57,40,43,38,40,38,49,51,50,38,44,51,44,43,56,50,57,41,51,55,55,37,45,40,55,46,35,42,32,43,38,45,44,42,55,55,36,45,45,44,51,53,49,40,56,40,58,49,51,59,67,58,60,53,82,58,75,56,60,57,62,47,53,57,50,49,54,51,45,62,56,56,46,51,58,65,47,53,52,72,63,47,69,54,62,34,47,54,58,47,50,62,47,37,49,45,38,41,37,35,41,26,38,28,29,29,29,27,34,42,32,32,33,23,21,29,13,20,23,21,32,12,13,16,23,19,18,17,16,13,13,10,7,10,18,22,15,12,13,15,14,8,7,7,4,7,8,11,4,8,2,7,4,1,0,9,4,2,2,4,3,1,1,2,2,2,1,1,0,1,0,0,0,1,0,1,0,1,2,0,0,0,0,0,0,0,0,0,0,1,0,0,0,0,0,0,5,6,11,2,2,4,3454,3235,6689
650301,ป่าแดง,Pa Daeng,6503,ชาติตระการ,Chat Trakan,65,พิษณุโลก,Phitsanulok,46,27,48,41,54,35,35,36,43,36,55,33,34,54,56,40,59,48,61,54,61,55,69,43,49,59,48,47,49,50,51,49,50,48,55,36,68,55,47,38,54,60,55,42,41,50,50,35,56,59,55,54,57,53,57,41,51,51,52,58,40,56,75,78,53,56,55,52,69,57,53,58,65,67,71,80,56,71,69,78,74,82,61,61,68,71,60,71,71,62,81,85,85,76,70,88,87,80,72,67,72,62,68,72,88,95,58,54,76,60,58,57,57,38,68,47,44,54,39,64,50,55,56,46,32,36,33,45,37,39,28,33,39,28,36,34,24,14,20,25,22,18,18,22,22,22,15,13,19,24,21,18,9,16,12,13,7,15,9,12,10,16,12,11,12,3,15,7,4,10,5,6,2,5,3,4,1,4,1,5,3,2,1,1,1,2,1,2,0,2,0,0,0,0,0,0,0,0,0,0,0,0,0,0,0,0,0,117,116,233,6,5,11,8,5,13,4240,4120,8360
650302,ชาติตระการ,Chat Trakan,6503,ชาติตระการ,Chat Trakan,65,พิษณุโลก,Phitsanulok,21,21,23,14,16,17,20,18,28,30,30,27,29,26,25,18,30,27,33,27,21,27,28,24,31,24,23,26,21,30,32,25,36,24,33,29,33,26,36,32,24,28,26,29,17,31,32,37,28,21,18,34,20,21,28,18,20,27,29,37,34,27,34,36,43,33,31,27,34,40,46,35,37,38,47,46,39,39,35,43,38,48,38,40,46,43,38,38,49,40,65,66,45,43,46,44,57,55,42,44,50,32,43,53,58,53,36,27,32,39,40,42,31,27,35,39,22,30,30,28,27,31,24,28,33,13,23,24,26,20,16,18,17,19,9,15,22,12,17,20,20,13,14,11,14,13,10,11,17,19,6,3,8,7,10,11,7,10,7,8,7,15,7,8,1,3,6,7,4,9,5,3,4,6,3,5,3,2,1,3,1,2,0,2,1,0,0,2,1,0,0,0,0,0,0,0,0,0,0,0,1,0,0,0,0,0,0,0,0,0,1,0,1,0,2,2,2385,2345,4730
650303,สวนเมี่ยง,Suan Miang,6503,ชาติตระการ,Chat Trakan,65,พิษณุโลก,Phitsanulok,25,28,24,21,31,31,31,31,29,37,24,27,33,24,35,38,40,32,46,44,42,34,56,38,42,47,43,42,43,44,31,28,34,37,23,40,35,28,45,35,43,46,53,45,33,24,28,27,30,30,43,34,40,33,41,53,48,38,44,40,42,34,38,42,46,38,47,46,43,53,61,44,55,44,48,39,44,59,59,66,67,57,41,65,60,58,57,51,56,55,67,71,59,57,51,50,67,63,59,44,52,64,39,35,51,61,39,41,40,24,37,35,41,24,36,23,29,24,46,35,22,30,24,23,25,30,19,24,30,13,15,23,18,20,17,21,13,19,14,12,12,13,13,10,14,14,10,13,8,19,8,8,6,11,4,11,7,16,7,5,6,10,9,11,2,6,0,3,1,4,1,3,2,2,4,3,1,4,0,2,1,3,0,1,0,0,0,0,0,0,0,1,0,0,0,0,0,0,0,0,0,0,0,0,0,0,0,0,0,0,0,3,3,6,1,7,2911,2850,5761
650304,บ้านดง,Ban Dong,6503,ชาติตระการ,Chat Trakan,65,พิษณุโลก,Phitsanulok,43,35,38,46,43,46,48,53,46,44,47,38,42,63,58,43,76,59,46,63,65,47,65,60,55,53,54,50,48,51,53,58,56,62,59,66,66,65,66,54,53,56,44,51,44,47,51,70,49,65,61,62,63,47,54,51,42,57,63,59,78,61,47,61,60,65,60,69,85,75,65,67,57,62,68,64,57,63,78,67,76,66,75,77,70,83,78,88,77,75,82,74,66,77,71,66,76,71,70,81,79,74,57,55,64,71,56,60,55,64,46,56,56,38,58,58,49,46,50,52,39,37,43,22,41,44,43,41,46,28,30,35,42,35,30,26,27,17,23,29,23,13,24,23,15,25,16,16,16,22,18,14,12,16,13,12,9,8,11,10,8,10,10,11,6,8,4,12,3,6,4,5,4,1,6,7,5,1,1,4,0,1,1,1,0,0,1,0,1,0,0,0,0,2,0,0,0,0,0,0,0,0,0,0,0,0,0,0,0,0,5,3,8,5,1,6,4149,4153,8302
650305,บ่อภาค,Bo Phak,6503,ชาติตระการ,Chat Trakan,65,พิษณุโลก,Phitsanulok,95,78,109,90,83,90,79,100,92,92,76,81,71,65,107,85,68,72,95,79,98,90,97,82,93,90,79,94,66,86,96,96,92,87,83,89,79,75,82,83,80,75,59,83,76,73,71,83,88,76,75,62,86,68,76,76,75,70,84,72,96,86,89,91,87,62,92,77,83,64,64,64,79,74,63,54,71,51,75,64,57,51,53,48,55,40,49,44,47,36,52,43,44,57,46,54,47,46,57,50,39,67,41,29,42,53,43,37,41,34,44,27,43,39,31,32,28,24,35,42,31,45,36,17,31,20,22,15,15,18,21,20,13,15,16,12,12,10,14,15,16,21,13,11,10,14,10,6,12,15,8,14,1,9,5,5,14,11,9,3,3,7,8,3,0,4,1,6,3,7,3,4,4,2,2,3,2,0,0,4,1,3,2,3,0,1,1,0,0,2,0,0,0,0,1,0,0,0,0,0,0,0,0,0,0,0,0,0,0,0,19,19,38,6,2,8,4568,4348,8916
650306,ท่าสะแก,Tha Sakae,6503,ชาติตระการ,Chat Trakan,65,พิษณุโลก,Phitsanulok,21,18,14,19,18,24,25,19,18,19,34,19,20,20,22,36,18,23,41,32,34,39,33,31,28,34,39,35,35,35,27,30,25,29,28,21,39,18,31,28,34,25,18,21,35,29,43,28,31,37,32,29,34,33,28,23,30,33,30,30,35,37,53,37,35,33,33,43,38,39,45,46,38,38,33,50,41,34,45,42,49,44,52,40,39,37,57,61,39,55,50,54,56,57,61,55,48,49,53,48,57,59,59,44,42,44,45,43,47,42,41,36,40,41,39,31,35,29,28,37,25,26,39,32,28,27,24,21,34,18,24,18,17,25,10,16,26,15,10,20,11,21,11,13,11,15,9,9,16,9,10,12,11,13,5,6,8,14,4,5,4,5,5,8,3,7,5,6,3,6,7,5,1,5,1,3,2,4,2,0,3,2,0,0,0,1,0,0,0,0,0,2,0,0,0,0,0,0,0,0,0,0,0,0,0,0,0,0,0,0,3,2,5,5,0,5,2575,2513,5088
650401,บางระกำ,Bang Rakam,6504,บางระกำ,Bang Rakam,65,พิษณุโลก,Phitsanulok,66,70,94,95,74,107,108,82,95,94,106,98,91,86,113,85,97,101,92,94,108,91,133,118,106,98,89,94,90,88,98,90,107,94,122,111,118,85,125,123,127,102,106,104,112,124,123,121,111,117,138,111,105,136,111,105,91,103,123,125,117,120,129,121,154,139,122,124,115,133,103,129,141,153,129,130,143,158,135,137,162,111,142,132,133,129,139,130,114,115,128,131,121,149,119,143,140,152,162,150,146,162,139,158,123,129,142,138,150,133,119,160,112,99,123,142,110,134,113,116,83,99,75,101,103,117,75,93,90,88,66,109,59,93,69,93,70,73,59,63,58,60,30,68,45,44,41,47,42,62,40,62,33,51,34,51,33,33,31,32,32,39,27,42,21,22,16,29,19,18,8,29,12,17,11,13,7,14,9,16,4,17,4,13,6,3,9,3,2,8,4,0,1,5,6,0,0,2,0,5,1,1,2,1,0,0,0,843,852,1695,9,12,21,9,3,12,9302,9712,19014
650402,ปลักแรด,Plak Raet,6504,บางระกำ,Bang Rakam,65,พิษณุโลก,Phitsanulok,28,36,25,29,46,34,34,30,51,50,58,50,25,40,33,42,36,30,36,41,53,44,41,33,35,31,37,37,30,37,32,39,52,49,61,49,39,45,45,47,69,39,35,42,52,49,47,64,44,66,51,57,50,50,59,50,60,55,47,57,53,45,34,36,50,37,56,45,71,51,67,47,54,49,52,61,60,62,69,57,59,61,50,49,48,74,56,55,46,54,56,79,58,56,49,76,57,50,69,60,64,77,69,80,48,83,59,80,79,86,60,78,60,68,62,55,70,60,58,69,55,62,36,57,54,60,45,66,53,60,61,73,33,51,55,50,44,35,35,46,34,43,22,29,18,34,18,21,22,22,21,29,16,34,21,32,13,22,18,14,14,25,15,18,7,18,11,27,3,15,8,9,4,5,4,11,5,5,4,8,2,9,0,4,0,1,1,3,2,4,0,1,1,3,1,1,1,0,0,1,0,1,0,1,0,0,0,7,6,13,4,4,8,6,1,7,3828,4183,8011
650403,พันเสา,Phan Sao,6504,บางระกำ,Bang Rakam,65,พิษณุโลก,Phitsanulok,26,34,21,28,26,27,36,29,36,36,31,29,41,38,34,34,40,29,31,36,45,40,36,35,38,29,35,35,34,24,33,27,46,33,39,42,42,35,47,46,47,51,36,35,35,42,33,44,39,49,48,32,40,39,52,38,45,36,36,35,53,33,46,33,36,36,45,31,46,53,32,49,40,48,58,61,51,44,53,43,61,61,51,58,55,61,46,44,51,63,49,48,51,45,51,45,48,46,39,59,41,48,53,43,53,50,58,44,50,49,41,51,59,48,48,42,31,43,33,36,39,50,33,30,49,39,27,33,31,29,32,27,25,42,23,20,27,26,26,23,14,16,18,16,7,23,12,20,12,21,14,22,11,13,13,15,5,6,11,11,7,16,11,14,3,10,3,10,5,8,3,1,1,3,6,4,2,5,1,3,3,5,0,1,1,4,0,3,0,1,0,0,0,1,0,0,0,0,0,0,0,0,0,1,0,0,0,26,43,69,3,1,4,3,2,5,3064,3100,6164
650404,วังอิทก,Wang I Thok,6504,บางระกำ,Bang Rakam,65,พิษณุโลก,Phitsanulok,15,19,18,21,26,19,34,20,25,17,27,26,29,15,22,22,19,32,29,25,30,19,23,36,31,22,27,25,19,33,29,22,30,18,32,20,27,22,37,29,41,22,29,30,29,32,42,25,33,26,25,27,33,37,32,28,28,32,28,34,23,30,41,25,36,28,44,29,37,24,18,33,37,35,48,40,34,39,45,47,40,23,41,31,30,45,37,32,37,27,28,42,51,32,37,40,38,41,39,48,42,38,28,48,38,47,39,35,20,25,26,33,35,30,17,28,35,36,20,22,15,25,24,30,28,28,28,24,19,20,18,24,15,24,19,23,19,18,12,19,10,16,10,14,6,15,7,21,5,8,9,23,12,15,12,11,9,12,10,7,10,17,3,7,8,11,2,12,5,8,5,4,1,7,2,5,1,4,2,7,1,2,3,2,0,0,0,3,0,0,0,0,1,0,0,1,0,0,1,1,0,0,1,0,0,0,0,0,0,0,1,1,2,0,2,2,2224,2259,4483
650405,บึงกอก,Bueng Kok,6504,บางระกำ,Bang Rakam,65,พิษณุโลก,Phitsanulok,49,50,47,43,54,56,45,41,53,49,60,51,54,53,62,45,45,46,53,53,67,64,49,42,54,52,50,44,55,63,62,54,64,42,60,50,60,64,80,58,67,57,58,64,50,71,65,76,66,68,58,69,67,75,51,75,50,50,60,68,65,63,82,62,54,58,63,78,71,65,73,75,81,76,79,66,70,75,80,66,78,89,75,74,90,79,74,96,91,76,63,90,77,89,70,77,61,67,84,87,85,84,82,60,62,81,70,101,81,68,68,84,63,68,59,86,76,72,73,68,61,39,48,46,50,62,34,58,43,54,47,33,38,43,42,48,33,27,25,26,22,24,18,22,21,36,11,25,17,29,14,25,15,19,21,18,15,23,16,16,13,20,17,20,10,13,4,19,13,13,5,5,5,6,5,8,6,3,2,4,3,4,1,2,1,3,0,2,2,0,0,2,1,0,1,1,0,1,0,0,0,1,0,0,0,0,0,0,0,0,6,3,9,7,0,7,4608,4776,9384
650406,หนองกุลา,Nong Kula,6504,บางระกำ,Bang Rakam,65,พิษณุโลก,Phitsanulok,78,55,87,92,88,96,85,89,83,111,96,99,88,73,82,86,96,112,98,84,115,76,94,97,106,93,101,79,92,90,84,84,90,83,79,98,83,100,120,93,101,120,105,100,88,103,92,110,106,103,120,104,123,103,95,99,78,80,87,95,104,104,106,112,99,116,117,95,108,121,107,116,122,115,96,109,112,108,120,133,129,122,116,127,130,109,119,127,131,125,117,139,127,115,120,104,109,106,101,109,119,123,125,125,109,114,123,126,105,126,93,109,106,114,98,96,105,93,84,83,67,57,63,70,76,95,84,75,68,45,75,55,46,58,68,52,51,54,31,33,34,36,22,41,24,32,29,27,37,24,26,38,18,31,16,22,12,22,16,27,15,36,15,11,12,30,8,23,9,15,9,19,5,8,8,15,1,10,5,12,0,4,1,2,1,5,2,5,1,1,0,1,1,3,0,0,0,0,0,1,0,1,2,0,0,0,0,0,0,0,6,20,26,7,4,11,7168,7348,14516
650407,ชุมแสงสงคราม,Chum Saeng Songkhram,6504,บางระกำ,Bang Rakam,65,พิษณุโลก,Phitsanulok,43,38,43,36,50,45,28,29,46,47,54,50,43,53,56,36,52,40,41,43,51,42,52,50,45,41,44,39,50,46,56,48,47,49,57,64,59,47,53,49,62,64,62,43,34,59,52,59,61,51,72,61,59,78,58,45,47,48,58,47,50,56,54,50,55,50,63,44,43,66,59,50,51,57,58,54,76,66,57,45,69,65,66,69,70,58,78,68,68,54,61,78,65,68,51,81,54,72,64,75,55,62,62,60,73,71,64,58,58,54,35,55,49,62,46,54,64,67,39,44,33,51,35,48,55,42,33,39,45,30,41,35,36,40,35,40,28,44,21,31,22,22,18,20,10,18,14,19,13,8,11,20,17,17,17,37,14,17,14,17,11,13,13,13,13,17,11,13,3,7,6,7,7,10,4,5,4,3,2,4,3,2,1,0,2,4,0,2,0,2,0,1,0,1,0,0,0,1,0,0,1,0,0,0,0,0,0,0,0,0,1,9,10,5,0,5,3891,3969,7860
650408,นิคมพัฒนา,Nikhom Phatthana,6504,บางระกำ,Bang Rakam,65,พิษณุโลก,Phitsanulok,36,32,38,47,48,36,51,42,57,47,43,58,43,51,53,60,44,53,42,50,60,60,50,52,52,56,47,57,47,47,55,43,55,59,51,60,47,67,59,48,51,64,61,55,52,46,79,62,48,58,49,56,57,51,57,34,48,57,51,58,72,50,50,60,57,49,61,59,52,82,52,70,71,59,78,77,65,70,77,71,65,92,60,68,80,85,71,62,73,57,73,82,62,78,70,74,68,73,69,73,65,79,78,65,64,49,54,62,54,66,51,56,58,58,46,57,54,44,57,49,41,33,31,53,36,45,37,52,40,48,42,39,39,33,33,41,25,24,19,27,22,29,19,18,11,23,21,20,13,12,21,23,14,27,9,23,11,9,20,13,7,11,10,8,4,8,0,9,5,9,7,6,3,9,5,9,0,5,4,5,0,5,2,4,0,4,0,1,0,1,0,2,2,0,1,0,0,0,1,0,0,0,0,0,0,0,0,0,0,0,2,4,6,7,2,9,4002,4236,8238
650409,บ่อทอง,Bo Thong,6504,บางระกำ,Bang Rakam,65,พิษณุโลก,Phitsanulok,15,19,20,27,32,19,26,27,22,18,30,23,27,28,28,25,33,35,30,24,21,20,29,24,32,25,25,15,30,32,27,30,34,17,29,29,33,24,38,38,45,26,36,29,29,42,30,25,31,27,35,40,44,41,28,35,29,32,37,26,39,22,30,33,27,26,39,33,30,29,34,25,37,26,36,28,39,36,38,28,36,32,34,44,39,36,38,39,25,34,32,44,44,34,28,33,35,34,29,33,30,44,34,41,32,44,36,34,46,27,46,28,39,41,23,27,19,30,27,29,18,15,19,21,20,30,14,20,22,23,24,26,18,16,20,23,13,14,16,20,9,8,10,9,4,14,6,10,6,8,11,17,6,9,9,7,4,8,7,14,5,3,2,11,3,11,8,7,0,7,3,5,3,3,4,10,4,2,0,3,0,4,1,2,1,2,0,1,2,0,0,0,1,0,0,0,0,1,0,0,0,0,1,0,0,0,0,0,0,0,4,2,6,1,2,3,2225,2204,4429
650410,ท่านางงาม,Tha Nang Ngam,6504,บางระกำ,Bang Rakam,65,พิษณุโลก,Phitsanulok,29,34,29,34,34,31,31,34,38,23,28,23,25,39,34,28,32,32,35,34,32,51,35,28,40,30,33,25,43,31,28,45,38,32,34,54,37,40,43,42,45,37,31,43,46,47,40,42,43,47,48,46,44,45,37,50,34,34,45,28,33,37,47,36,48,48,52,44,45,44,42,43,48,47,41,51,44,39,53,48,43,48,60,41,45,54,54,53,41,51,62,60,36,60,47,37,47,58,48,48,39,46,43,41,51,39,45,51,34,33,50,38,39,31,29,47,38,40,29,38,34,32,35,33,35,36,32,24,15,37,29,24,27,35,32,30,6,22,16,20,11,21,11,21,10,10,9,13,11,12,7,16,10,6,8,10,11,12,11,7,6,9,5,7,2,8,3,6,3,6,4,6,5,9,2,3,2,5,4,3,1,2,1,2,1,1,1,1,0,0,0,0,1,0,0,0,0,0,0,0,0,0,0,0,0,0,0,0,0,0,1,0,1,5,0,5,2831,2949,5780
650411,คุยม่วง,Khui Muang,6504,บางระกำ,Bang Rakam,65,พิษณุโลก,Phitsanulok,46,36,44,29,35,47,45,42,36,41,37,45,39,33,49,44,35,46,39,38,56,40,42,40,49,45,47,47,40,47,42,35,45,46,52,60,51,37,40,51,58,51,35,42,57,50,57,66,66,58,55,55,50,58,56,52,50,40,46,51,49,58,41,41,48,53,48,54,48,48,45,57,77,56,53,62,65,44,63,58,64,60,41,50,55,66,49,70,51,42,45,46,56,56,63,69,60,61,66,57,60,71,57,51,54,58,60,50,46,59,41,67,52,65,56,55,44,43,29,52,45,37,34,21,47,47,36,33,34,34,32,36,24,25,27,31,18,26,20,25,18,22,16,20,12,13,13,19,9,15,22,21,13,14,9,20,16,10,11,12,10,12,7,7,6,6,3,17,4,7,7,12,5,3,2,4,3,4,2,3,3,3,0,7,1,1,2,2,1,1,0,1,0,0,1,1,0,0,0,1,0,0,0,0,0,0,0,0,0,0,5,4,9,2,1,3,3505,3629,7134
650501,บางกระทุ่ม,Bang Krathum,6505,บางกระทุ่ม,Bang Krathum,65,พิษณุโลก,Phitsanulok,29,25,34,29,31,25,31,33,38,37,31,25,41,29,40,21,37,31,34,43,30,27,29,27,40,28,33,33,49,41,38,27,29,30,32,38,32,26,47,37,41,41,43,41,37,45,36,41,42,48,45,42,50,40,50,38,39,32,43,31,39,48,51,40,44,47,57,49,54,54,50,47,42,49,45,50,47,39,55,40,52,46,48,47,60,64,60,52,44,50,54,54,75,49,53,49,44,62,47,60,44,50,49,53,60,72,50,64,60,53,49,46,61,37,31,45,36,49,37,47,52,42,36,60,43,34,32,47,33,54,19,38,38,44,29,33,19,29,16,19,23,33,11,18,16,16,15,24,17,25,11,22,9,17,13,19,9,25,10,18,12,16,13,12,4,15,4,14,8,11,5,9,5,14,5,5,3,5,3,2,3,7,2,3,1,3,0,1,0,2,0,1,0,0,0,0,0,0,0,0,0,0,0,0,0,0,0,191,202,393,3,1,4,3,1,4,3345,3464,6809
650502,บ้านไร่,Ban Rai,6505,บางกระทุ่ม,Bang Krathum,65,พิษณุโลก,Phitsanulok,28,16,19,20,15,23,20,18,23,18,30,18,23,22,17,19,18,19,24,22,21,15,25,28,22,24,16,19,17,14,23,19,26,17,29,18,28,19,31,27,38,31,17,30,33,30,26,24,24,24,29,33,34,30,26,21,25,24,39,27,29,27,25,24,34,36,28,26,34,31,34,33,33,38,30,37,33,30,25,30,34,29,37,27,34,30,34,22,32,28,39,36,39,42,28,33,25,39,36,37,35,40,42,46,38,54,27,42,41,54,34,39,36,37,29,37,22,28,28,25,37,27,30,37,23,30,32,34,22,29,29,33,22,32,29,36,20,31,17,14,17,28,14,16,12,12,20,19,12,15,10,18,13,16,11,18,10,15,18,20,10,11,12,16,12,15,4,13,3,10,3,9,2,8,5,10,0,6,7,2,2,4,1,3,1,0,1,4,1,1,1,1,0,0,0,0,0,1,0,0,0,0,0,0,0,0,0,0,0,0,0,0,0,1,2,3,2185,2302,4487
650503,โคกสลุด,Khok Salut,6505,บางกระทุ่ม,Bang Krathum,65,พิษณุโลก,Phitsanulok,7,10,14,21,10,16,7,9,18,16,28,20,17,20,15,18,17,23,24,18,14,14,22,22,17,19,18,9,15,15,18,17,13,11,22,17,21,13,26,17,14,16,16,15,16,24,18,25,9,26,30,19,21,18,23,14,18,17,24,21,25,26,14,23,15,22,28,18,25,23,21,23,27,24,17,16,32,16,25,21,22,24,26,26,19,27,21,27,24,33,16,23,22,38,27,30,19,20,30,23,29,18,37,27,23,28,24,41,31,27,23,32,27,30,21,23,18,17,22,26,13,27,24,21,16,17,17,19,15,29,21,14,12,23,11,20,13,10,7,17,14,13,5,14,7,1,11,5,14,14,10,12,8,13,5,6,7,9,7,10,3,14,4,13,5,5,6,4,4,7,1,7,6,7,3,2,3,5,1,2,3,6,1,2,0,2,0,1,0,2,0,1,0,2,0,0,0,0,0,0,0,0,0,0,0,0,0,0,0,0,0,0,0,5,0,5,1524,1648,3172
650504,สนามคลี,Sanam Khli,6505,บางกระทุ่ม,Bang Krathum,65,พิษณุโลก,Phitsanulok,5,13,10,6,8,11,11,7,10,9,15,19,10,16,18,13,10,12,15,18,12,10,8,11,10,10,14,15,12,11,9,6,12,8,12,7,14,17,14,13,12,16,18,15,11,13,18,11,14,19,15,13,15,13,20,16,19,13,15,17,20,19,23,19,17,17,22,19,14,18,26,17,24,24,23,14,20,27,23,18,20,18,30,29,22,20,18,20,26,17,27,21,15,27,13,19,22,20,17,24,16,21,16,24,16,24,25,21,21,14,24,15,14,21,13,16,14,18,20,15,14,25,14,15,14,19,17,24,15,20,12,17,11,15,9,20,13,15,12,11,9,11,10,3,3,6,3,9,5,15,4,5,4,8,5,6,6,5,8,9,7,7,3,4,1,4,4,3,4,6,2,4,3,3,2,2,4,5,1,3,1,1,0,1,0,1,0,2,0,0,0,0,0,0,0,0,0,0,0,0,0,0,0,0,0,0,0,0,0,0,0,0,0,1,0,1,1208,1278,2486
650505,ท่าตาล,Tha Tan,6505,บางกระทุ่ม,Bang Krathum,65,พิษณุโลก,Phitsanulok,28,22,29,39,45,44,36,29,35,33,29,30,27,39,25,30,29,23,33,43,46,26,47,31,45,43,26,42,32,32,33,25,44,47,34,37,49,40,54,47,46,64,41,48,34,39,49,42,49,37,59,55,63,48,55,45,50,55,53,50,65,43,50,45,42,33,33,43,43,40,43,41,51,43,48,49,34,39,58,43,60,55,50,64,43,54,59,54,61,60,53,61,67,54,48,81,57,72,53,65,50,74,69,60,62,90,56,64,52,54,50,50,49,47,46,45,35,54,31,43,28,39,42,49,34,47,38,48,37,41,41,42,35,20,30,25,15,33,18,21,25,26,18,21,17,28,11,22,12,22,18,23,12,18,20,16,10,19,13,12,14,18,5,17,7,15,6,16,9,10,4,10,4,4,3,5,5,7,6,4,2,4,0,4,1,2,0,3,0,1,0,1,1,2,0,0,0,1,0,0,0,0,0,1,0,0,0,0,0,0,4,13,17,4,2,6,3292,3517,6809
650506,ไผ่ล้อม,Phai Lom,6505,บางกระทุ่ม,Bang Krathum,65,พิษณุโลก,Phitsanulok,12,19,35,29,22,23,31,20,27,25,21,18,19,28,29,35,32,28,29,20,25,25,28,27,28,20,26,32,31,35,21,23,25,22,35,23,38,24,44,30,33,32,34,32,24,24,38,32,34,35,43,27,38,24,44,41,29,21,29,32,36,31,40,39,28,36,35,26,33,35,34,31,35,28,37,38,32,38,36,31,37,43,44,42,32,33,38,40,37,35,29,42,31,34,41,31,39,44,42,35,34,36,40,57,43,45,42,30,34,31,37,39,29,36,29,41,32,16,17,29,31,23,21,33,18,28,30,25,22,19,18,14,16,24,20,20,20,25,7,17,10,12,11,11,12,14,9,7,13,14,8,16,8,7,8,12,9,7,5,9,11,11,4,7,4,8,5,7,4,11,3,4,3,3,1,1,1,2,2,3,1,2,1,3,0,2,1,0,1,0,1,1,0,0,0,0,0,0,0,0,0,2,0,0,0,0,0,0,0,0,0,0,0,2,0,2,2298,2282,4580
650507,นครป่าหมาก,Nakhon Pa Mak,6505,บางกระทุ่ม,Bang Krathum,65,พิษณุโลก,Phitsanulok,25,26,23,37,33,29,38,36,51,35,36,34,35,42,40,35,28,31,39,39,43,42,48,36,49,43,43,39,37,44,38,35,34,35,42,35,50,35,53,54,45,46,30,47,42,32,43,30,42,41,54,47,53,48,38,46,51,51,29,46,40,44,51,38,50,44,42,34,43,46,44,42,47,44,43,63,62,35,45,40,43,58,48,59,53,45,63,67,52,42,51,57,55,58,59,65,54,70,53,74,48,53,52,61,69,94,50,29,50,47,45,54,39,46,72,47,39,37,31,53,27,40,29,52,28,39,23,43,29,48,28,34,30,31,35,30,24,30,14,15,22,18,12,14,13,12,11,12,13,22,13,14,6,22,11,15,11,13,11,17,5,11,19,9,8,11,2,10,1,12,5,5,4,7,2,3,3,9,3,3,0,1,2,1,0,4,0,3,1,0,1,2,0,1,0,0,0,1,0,1,0,0,0,0,0,0,0,0,0,0,1,0,1,5,3,8,3157,3340,6497
650508,เนินกุ่ม,Noen Kum,6505,บางกระทุ่ม,Bang Krathum,65,พิษณุโลก,Phitsanulok,24,19,31,28,31,35,37,40,37,45,53,39,32,41,43,45,34,33,45,48,43,58,52,32,36,33,42,37,36,36,47,43,69,36,53,39,48,48,45,46,62,39,44,47,48,63,55,40,59,56,64,51,62,48,56,53,52,44,40,48,47,37,53,47,56,41,41,49,51,47,54,55,67,53,54,73,58,53,68,47,52,53,40,61,61,48,57,54,48,63,61,64,59,55,61,68,64,70,65,80,57,71,75,89,64,94,64,69,76,67,61,60,63,64,70,77,47,66,46,62,51,58,61,56,44,47,61,67,52,75,42,48,40,60,32,49,29,27,19,38,24,27,20,26,24,20,15,18,16,29,19,30,17,31,9,32,18,26,14,16,22,29,5,13,9,12,7,15,6,10,2,9,9,9,4,10,4,6,1,6,3,1,2,2,0,1,0,1,0,0,0,1,0,0,0,0,1,0,0,2,0,0,0,0,0,0,0,345,397,742,2,1,3,7,2,9,4156,4414,8570
650509,วัดตายม,Wat Ta Yom,6505,บางกระทุ่ม,Bang Krathum,65,พิษณุโลก,Phitsanulok,26,19,20,20,21,21,27,22,36,19,30,26,19,24,28,20,18,22,19,32,20,24,32,19,26,25,15,25,20,24,28,16,24,19,30,21,25,27,38,20,34,24,26,37,26,24,30,32,33,28,32,33,38,32,41,26,36,26,28,32,31,26,26,29,26,23,23,33,35,23,31,22,30,38,34,23,31,36,31,20,30,36,38,28,28,31,33,24,28,35,30,43,27,37,45,40,37,48,42,50,36,39,44,55,44,58,31,33,35,38,40,42,25,31,37,39,30,28,20,30,26,25,17,35,18,28,17,36,19,27,25,21,23,21,21,28,17,24,16,21,12,11,12,13,9,10,5,13,6,11,10,18,12,8,11,15,6,10,7,8,13,6,5,12,7,1,7,3,4,2,3,5,3,3,2,6,1,5,1,4,0,1,0,1,2,3,1,0,0,0,0,0,0,0,0,0,1,0,0,0,0,0,1,0,0,0,0,0,0,0,0,1,1,2,0,2,2146,2213,4359
